language,Glottocode,iso 639-3,familyGeneral,familySpecific,Macroarea,meaning,word,length,phonemeRepW2letters
Abaga,abag1245,abg,Nuclear Trans New Guinea,Kainantu-Goroka,Papunesia,big,simpi,5,0
Abaga,abag1245,abg,Nuclear Trans New Guinea,Kainantu-Goroka,Papunesia,small,kede7a,6,0
Abipon,abip1241,axb,Guaicuruan,Guaicuruan,SouthAmerica,big,laten,5,0
Abipon,abip1241,axb,Guaicuruan,Guaicuruan,SouthAmerica,small,eneCi,5,0
Abkhaz 2,abkh1244,abk,Abkhaz-Adyge,Abkhaz-Abaza,Eurasia,small,omoC,4,0
Abkhaz 2,abkh1244,abk,Abkhaz-Adyge,Abkhaz-Abaza,Eurasia,big,odu,3,0
Abu 2,abuu1241,ado,Lower Sepik Ramu,Agoan,Papunesia,big,dibeni,6,0
Abu 2,abuu1241,ado,Lower Sepik Ramu,Agoan,Papunesia,small,so7so7wni,9,0
Acateco San Miguel Acatan,west2635,knj,Mayan,WesternMayan,NorthAmerica,big,miman,5,0
Acateco San Miguel Acatan,west2635,knj,Mayan,WesternMayan,NorthAmerica,small,yaliS,5,0
Adora,airo1242,air,Greater Kwerba,Greater Kwerba,Papunesia,big,marima,6,0
Adora,airo1242,air,Greater Kwerba,Greater Kwerba,Papunesia,small,howai3m,7,0
Adyghe 2,adyg1241,ady,Abkhaz-Adyge,Circassian,Eurasia,small,c3kw,4,1
Adyghe 2,adyg1241,ady,Abkhaz-Adyge,Circassian,Eurasia,big,y3n3,4,0
Aeka 3,aeka1244,aez,Nuclear Trans New Guinea,GreaterBinanderean,Papunesia,big,ponoro,6,0
Aeka 3,aeka1244,aez,Nuclear Trans New Guinea,GreaterBinanderean,Papunesia,small,isapa,5,0
Aguacatec,agua1252,agu,Mayan,Quichean-Mamean,NorthAmerica,big,nim,3,0
Aguacatec,agua1252,agu,Mayan,Quichean-Mamean,NorthAmerica,small,talkoCk,7,0
Aguaruna,agua1253,agr,other,other,SouthAmerica,big,mun,3,0
Aguaruna,agua1253,agr,other,other,SouthAmerica,small,manCuC,6,0
Aikana,aika1237,tba,other,other,SouthAmerica,big,tjab3j,6,1
Aikana,aika1237,tba,other,other,SouthAmerica,small,isie,4,0
Aiome,aiom1240,aki,Lower Sepik Ramu,Ramu,Papunesia,big,mbr3N,5,0
Aiome,aiom1240,aki,Lower Sepik Ramu,Ramu,Papunesia,small,indagrinam,10,0
Akukray,akru1241,afi,Lower Sepik Ramu,Ramu,Papunesia,big,aNnum3k3,8,0
Akukray,akru1241,afi,Lower Sepik Ramu,Ramu,Papunesia,small,acirk3,6,0
Alabama,alab1237,akz,Muskogean,Alabaman-Koasati,NorthAmerica,big,Coba,4,0
Alabama,alab1237,akz,Muskogean,Alabaman-Koasati,NorthAmerica,small,Cinofa,6,0
Alamblak,alam1246,amp,Sepik,SepikHill,Papunesia,small,takh3phuyEr3m,13,2
Alamblak,alam1246,amp,Sepik,SepikHill,Papunesia,big,b3dokham,8,0
Aleut 2,aleu1260,ale,Eskimo-Aleut,Eskimo-Aleut,NorthAmerica,big,aNunElix,8,0
Aleut 2,aleu1260,ale,Eskimo-Aleut,Eskimo-Aleut,NorthAmerica,small,aNunEdElEkan,12,0
Alfendio 2,tape1242,afp,other,other,Papunesia,big,ayimbo,6,0
Alfendio 2,tape1242,afp,other,other,Papunesia,small,daboa,5,0
Alutor,alut1245,alr,Chukotko-Kamchatkan,Chukotko-Kamchatkan,Eurasia,small,ny3mq3,6,1
Alutor,alut1245,alr,Chukotko-Kamchatkan,Chukotko-Kamchatkan,Eurasia,big,n3meN3,6,0
Ama 3,amap1240,amm,Left May, Left_May,Papunesia,big,si3Si,5,0
Ama 3,amap1240,amm,Left May, Left_May,Papunesia,small,k3ufa,5,0
Amam,,am0,Goilalan, Goilalan,Papunesia,big,kesaNar,7,0
Amam,,am0,Goilalan, Goilalan,Papunesia,small,kotuta,6,0
Ambakich,amba1269,aew,other,other,Papunesia,big,opamba,6,0
Ambakich,amba1269,aew,other,other,Papunesia,small,omundyo,7,0
Ambulas,ambu1247,abt,Ndu,Ndu,Papunesia,big,apak3l3,7,0
Ambulas,ambu1247,abt,Ndu,Ndu,Papunesia,small,makwal,6,0
Amharic,amha1245,amh,Afro-Asiatic,Semitic,Africa,big,t3l3k,5,0
Amharic,amha1245,amh,Afro-Asiatic,Semitic,Africa,small,t3n3S,5,0
Andarum,anda1284,aod,Lower Sepik Ramu,Ramu,Papunesia,big,rontot,6,0
Andarum,anda1284,aod,Lower Sepik Ramu,Ramu,Papunesia,small,tum3k,5,0
Andoquero,,an0,Huitotoan,Huitotoan,SouthAmerica,big,nanzime,7,0
Andoquero,,an0,Huitotoan,Huitotoan,SouthAmerica,small,nanziga,7,0
Angal 2,anga1293,age,Nuclear Trans New Guinea,Enga-Kewa-Huli,Papunesia,big,ondo,4,0
Angal 2,anga1293,age,Nuclear Trans New Guinea,Enga-Kewa-Huli,Papunesia,small,kaN,3,0
Angal Heneng,anga1292,akh,Nuclear Trans New Guinea,Enga-Kewa-Huli,Papunesia,big,anda,4,0
Angal Heneng,anga1292,akh,Nuclear Trans New Guinea,Enga-Kewa-Huli,Papunesia,small,kank,4,0
Angas Ngas,ngas1240,anc,Afro-Asiatic,Chadic,Africa,big,kpan,4,0
Angas Ngas,ngas1240,anc,Afro-Asiatic,Chadic,Africa,small,dit,3,0
Angoram 2,ango1255,aog,Lower Sepik Ramu,LowerSepik,Papunesia,big,mbr3,4,0
Angoram 2,ango1255,aog,Lower Sepik Ramu,LowerSepik,Papunesia,small,tamasakn,8,0
Anor 2,anor1241,anj,Lower Sepik Ramu,Ramu,Papunesia,big,ndorrnyamdma,12,0
Anor 2,anor1241,anj,Lower Sepik Ramu,Ramu,Papunesia,small,kokwEnda,8,0
Apinaye,apin1244,apn,Nuclear-Macro-Je,Nuclear-Macro-Je,SouthAmerica,big,raC,3,0
Apinaye,apin1244,apn,Nuclear-Macro-Je,Nuclear-Macro-Je,SouthAmerica,small,Nri,3,0
Apurina,apur1254,apu,Arawakan,Arawakan,SouthAmerica,big,mita,4,0
Apurina,apur1254,apu,Arawakan,Arawakan,SouthAmerica,small,XaSe,4,0
Arikara,arik1262,ari,Caddoan,Caddoan,NorthAmerica,big,takarux,7,0
Arikara,arik1262,ari,Caddoan,Caddoan,NorthAmerica,small,Ciripasit,9,0
Armenian,nucl1235,hye,Indo-European,Armenic,Eurasia,big,mEc,3,0
Armenian,nucl1235,hye,Indo-European,Armenic,Eurasia,small,p3stik,6,0
Atitlan Mixe,nort2939,neq,Mixe-Zoque,Mixe,NorthAmerica,big,m3h,3,0
Atitlan Mixe,nort2939,neq,Mixe-Zoque,Mixe,NorthAmerica,small,muck,4,0
Auyana,awiy1238,auy,Nuclear Trans New Guinea,Kainantu-Goroka,Papunesia,big,anomba,6,0
Auyana,awiy1238,auy,Nuclear Trans New Guinea,Kainantu-Goroka,Papunesia,small,kitoqa,6,0
Avar 2,avar1256,ava,Nakh-Daghestanian,Daghestanian,Eurasia,big,kudiyab,7,0
Avar 2,avar1256,ava,Nakh-Daghestanian,Daghestanian,Eurasia,small,hitinab,7,0
Awa,awap1236,awb,Nuclear Trans New Guinea,Kainantu-Goroka,Papunesia,big,anotah,6,0
Awa,awap1236,awb,Nuclear Trans New Guinea,Kainantu-Goroka,Papunesia,small,ma,2,0
Awa Pit,awac1239,kwi,Barbacoan,UnclassifiedBarbacoan,SouthAmerica,big,kaca,4,0
Awa Pit,awac1239,kwi,Barbacoan,UnclassifiedBarbacoan,SouthAmerica,small,ainki,5,0
Awar 3,awar1249,aya,Lower Sepik Ramu,Ramu,Papunesia,big,wor,3,0
Awar 3,awar1249,aya,Lower Sepik Ramu,Ramu,Papunesia,small,sig3t,5,0
Awbono,awbo1238,awh,Bayono-Awbono,Bayono-Awbono,Papunesia,big,mamEti,6,0
Awbono,awbo1238,awh,Bayono-Awbono,Bayono-Awbono,Papunesia,small,soromuxa,8,0
Awtuw,awtu1239,kmn,Sepik,Ram,Papunesia,big,waruke,6,0
Awtuw,awtu1239,kmn,Sepik,Ram,Papunesia,small,ketket,6,0
Awyu Central Busiri,cent2118,awu,Nuclear Trans New Guinea,Asmat-Awyu-Ok,Papunesia,big,gobuN,5,0
Awyu Central Busiri,cent2118,awu,Nuclear Trans New Guinea,Asmat-Awyu-Ok,Papunesia,small,monoxodiN,9,0
Ayutla Mixe,tlah1239,mxp,Mixe-Zoque,Mixe,NorthAmerica,big,m3h,3,0
Ayutla Mixe,tlah1239,mxp,Mixe-Zoque,Mixe,NorthAmerica,small,muck,4,0
Azerbaijani,nort2697,azj,Turkic,CommonTurkic,Eurasia,big,bEyik,5,0
Azerbaijani,nort2697,azj,Turkic,CommonTurkic,Eurasia,small,kiCik,5,0
Badga,bada1257,bfq,Dravidian,SouthDravidian,Eurasia,big,doddad3,7,0
Badga,bada1257,bfq,Dravidian,SouthDravidian,Eurasia,small,kunnad3,7,0
Baga Sitemu 3,baga1272,bsp,Atlantic-Congo,NorthernMel,Africa,big,yifi,4,0
Baga Sitemu 3,baga1272,bsp,Atlantic-Congo,NorthernMel,Africa,small,fEt,3,0
Bagusa 2,bagu1251,bqb,Greater Kwerba,Greater Kwerba,Papunesia,big,marem,5,0
Bagusa 2,bagu1251,bqb,Greater Kwerba,Greater Kwerba,Papunesia,small,neneCirak,9,0
Bahinemo,bahi1254,bjh,Sepik,SepikHill,Papunesia,small,3nhaytha,8,1
Bahinemo,bahi1254,bjh,Sepik,SepikHill,Papunesia,big,b3do,4,0
Baka 3,baka1272,bkc,Atlantic-Congo,NorthVolta-Congo,Africa,big,5E,2,0
Baka 3,baka1272,bkc,Atlantic-Congo,NorthVolta-Congo,Africa,small,tE,2,0
Bali,bali1278,ban,Austronesian,Malayo-Sumbawan,Papunesia,big,gede,4,0
Bali,bali1278,ban,Austronesian,Malayo-Sumbawan,Papunesia,small,Cenik,5,0
Bambara,bamb1269,bam,Mande,WesternMande,Africa,big,belebele,8,0
Bambara,bamb1269,bam,Mande,WesternMande,Africa,small,dogon,5,0
Banaro,bana1292,byz,Lower Sepik Ramu, Banaro,Papunesia,big,E5Ebu,5,0
Banaro,bana1292,byz,Lower Sepik Ramu, Banaro,Papunesia,small,kabo,4,0
Banda Banda,band1343,bpd,Atlantic-Congo,NorthVolta-Congo,Africa,big,gere,4,0
Banda Banda,band1343,bpd,Atlantic-Congo,NorthVolta-Congo,Africa,small,aya,3,0
Banoni,bann1247,bcm,Austronesian,Central-EasternMalayo-Polynesian,Papunesia,big,baNana,6,0
Banoni,bann1247,bcm,Austronesian,Central-EasternMalayo-Polynesian,Papunesia,small,kikinaki,8,0
Barasano,bara1380,bsn,Tucanoan,Tucanoan,SouthAmerica,big,haig3,5,0
Barasano,bara1380,bsn,Tucanoan,Tucanoan,SouthAmerica,small,bohog3,6,0
Bargam 2,barg1252,mlp,Nuclear Trans New Guinea,Madang,Papunesia,big,yah,3,0
Bargam 2,barg1252,mlp,Nuclear Trans New Guinea,Madang,Papunesia,small,amig,4,0
Bariji,gain1243,gcn,Nuclear Trans New Guinea,GreaterBinanderean,Papunesia,big,nembodaba,9,0
Bariji,gain1243,gcn,Nuclear Trans New Guinea,GreaterBinanderean,Papunesia,small,izoko,5,0
Barupu 2,wara1302,wra,Sko,Sko,Papunesia,big,pako,4,0
Barupu 2,wara1302,wra,Sko,Sko,Papunesia,small,mentan,6,0
Bashkir 2,bash1264,bak,Turkic,CommonTurkic,Eurasia,big,8ur,3,0
Bashkir 2,bash1264,bak,Turkic,CommonTurkic,Eurasia,small,bElEkEs,7,0
Basque,basq1248,eus,other,other,Eurasia,big,haundi,6,0
Basque,basq1248,eus,other,other,Eurasia,small,Ciki,4,0
Bassa 3,nucl1418,bsq,Atlantic-Congo,Kru,Africa,small,bieji,5,0
Bassa 3,nucl1418,bsq,Atlantic-Congo,Kru,Africa,big,boai,4,0
Batak Simalungen,bata1301,bya,Austronesian,GreaterCentralPhilippine,Papunesia,big,galto,5,0
Batak Simalungen,bata1301,bya,Austronesian,GreaterCentralPhilippine,Papunesia,small,enel,4,0
Bauwaki,bauw1240,bwk,Mailuan,Mailuan,Papunesia,big,badaa,5,0
Bauwaki,bauw1240,bwk,Mailuan,Mailuan,Papunesia,small,okoa,4,0
Bauzi 2,bauz1241,bvz,Geelvink, Geelvink_Bay,Papunesia,big,duat,4,0
Bauzi 2,bauz1241,bvz,Geelvink, Geelvink_Bay,Papunesia,small,koEnE,5,0
Baynunk Djibelor,bain1259,bab,Atlantic-Congo,NorthAtlantic,Africa,big,sid,3,0
Baynunk Djibelor,bain1259,bab,Atlantic-Congo,NorthAtlantic,Africa,small,atiliti,7,0
Baynunk Gujaxer,bain1260,bcb,Bookkeeping,Bookkeeping,Africa,big,adoi,4,0
Baynunk Gujaxer,bain1260,bcb,Bookkeeping,Bookkeeping,Africa,small,telEti,6,0
Bayono,bayo1260,byl,Bayono-Awbono,Bayono-Awbono,Papunesia,big,mab3tei,7,0
Bayono,bayo1260,byl,Bayono-Awbono,Bayono-Awbono,Papunesia,small,s3romu,6,0
Bekwel 2,bekw1242,bkw,Atlantic-Congo,Benue-Congo,Africa,big,najEnjao,8,0
Bekwel 2,bekw1242,bkw,Atlantic-Congo,Benue-Congo,Africa,small,Etwal,5,0
Belarusian 2,bela1254,bel,Indo-European,Balto-Slavic,Eurasia,big,vyaliki,7,1
Belarusian 2,bela1254,bel,Indo-European,Balto-Slavic,Eurasia,small,malyEnyki,9,2
Bella Coola,bell1243,blc,Salishan,Salishan,NorthAmerica,big,Lkw,3,1
Bella Coola,bell1243,blc,Salishan,Salishan,NorthAmerica,small,qiqti,5,0
Benabena 2,bena1264,bef,Nuclear Trans New Guinea,Kainantu-Goroka,Papunesia,big,napa,4,0
Benabena 2,bena1264,bef,Nuclear Trans New Guinea,Kainantu-Goroka,Papunesia,small,lagaso,6,0
Beng,beng1286,nhb,Mande,EasternMande,Africa,big,bama,4,0
Beng,beng1286,nhb,Mande,EasternMande,Africa,small,fe,2,0
Bengali 2,beng1280,ben,Indo-European,Indo-Iranian,Eurasia,small,Choto,5,1
Bengali 2,beng1280,ben,Indo-European,Indo-Iranian,Eurasia,big,brihot,6,0
Berik 3,beri1254,bkl,Tor-Orya,Tor-Orya,Papunesia,big,uNgwandusa,10,0
Berik 3,beri1254,bkl,Tor-Orya,Tor-Orya,Papunesia,small,bastantoiya,11,0
Berinomo,beri1253,bit,Sepik,SepikHill,Papunesia,big,papEtu,6,0
Berinomo,beri1253,bit,Sepik,SepikHill,Papunesia,small,panoha,6,0
Betta Kurumba 2,bett1235,bkb,Dravidian,SouthDravidian,Eurasia,big,dappu,5,0
Betta Kurumba 2,bett1235,bkb,Dravidian,SouthDravidian,Eurasia,small,kiri,4,0
Biangai,bian1252,big,Goilalan, Goilalan,Papunesia,big,unatuba,7,0
Biangai,bian1252,big,Goilalan, Goilalan,Papunesia,small,soNoNo,6,0
Bijogo Kajoko 3,bidy1244,bjg,Atlantic-Congo,CentralAtlantic,Africa,big,Nokotoi,7,0
Bijogo Kajoko 3,bidy1244,bjg,Atlantic-Congo,CentralAtlantic,Africa,small,tit,3,0
Bikaru 2,bika1251,bic,Bookkeeping,Bookkeeping,Papunesia,big,numan,5,0
Bikaru 2,bika1251,bic,Bookkeeping,Bookkeeping,Papunesia,small,mpE7ndzaik3,11,0
Biksi,yetf1238,yet,other,other,Papunesia,big,l3but3gop,9,0
Biksi,yetf1238,yet,other,other,Papunesia,small,nan3mat3gop,11,0
Bilakura 2,bila1257,bql,Nuclear Trans New Guinea,Madang,Papunesia,big,aib,3,0
Bilakura 2,bila1257,bql,Nuclear Trans New Guinea,Madang,Papunesia,small,kamon,5,0
Bisis,bisi1244,bnw,Sepik,SepikHill,Papunesia,big,obasiNge7ok,11,0
Bisis,bisi1244,bnw,Sepik,SepikHill,Papunesia,small,vanininis,9,0
Biwat 2,biwa1243,bwm,other,other,Papunesia,big,arekeiak,8,0
Biwat 2,biwa1243,bwm,other,other,Papunesia,small,siatik,6,0
Blackfoot,siks1238,bla,Algic,Algic,NorthAmerica,big,sok,3,0
Blackfoot,siks1238,bla,Algic,Algic,NorthAmerica,small,i7nak,5,0
Bororo,boro1282,bor,other,other,SouthAmerica,small,pirogwu,7,1
Bororo,boro1282,bor,other,other,SouthAmerica,big,kuri,4,0
Bosman,bosn1248,bqs,Lower Sepik Ramu,Ramu,Papunesia,big,resoxor,7,0
Bosman,bosn1248,bqs,Lower Sepik Ramu,Ramu,Papunesia,small,gosuk,5,0
Brahui 2,brah1256,brh,Dravidian,NorthDravidian,Eurasia,big,ballun,6,0
Brahui 2,brah1256,brh,Dravidian,NorthDravidian,Eurasia,small,Cunak,5,0
Breri,brer1240,brq,Lower Sepik Ramu,Ramu,Papunesia,big,upugEgNE,8,0
Breri,brer1240,brq,Lower Sepik Ramu,Ramu,Papunesia,small,atm3t3t,7,0
Breton 2,bret1244,bre,Indo-European,Celtic,Eurasia,big,bros,4,0
Breton 2,bret1244,bre,Indo-European,Celtic,Eurasia,small,bihan,5,0
Bukidnon Binukid,binu1244,bkd,Austronesian,GreaterCentralPhilippine,Papunesia,big,aragi,5,0
Bukidnon Binukid,binu1244,bkd,Austronesian,GreaterCentralPhilippine,Papunesia,small,aCu7ay,6,0
Bulgarian 2,bulg1262,bul,Indo-European,Balto-Slavic,Eurasia,big,Edor,4,0
Bulgarian 2,bulg1262,bul,Indo-European,Balto-Slavic,Eurasia,small,maLok,5,0
Buli,buli1255,bzq,Austronesian,Central-EasternMalayo-Polynesian,Papunesia,big,mamagal,7,0
Buli,buli1255,bzq,Austronesian,Central-EasternMalayo-Polynesian,Papunesia,small,korikori,8,0
Burate,bura1276,bti,Geelvink, Geelvink_Bay,Papunesia,big,teha,4,0
Burate,bura1276,bti,Geelvink, Geelvink_Bay,Papunesia,small,bu7une,6,0
Buriat Russia 2,russ1264,bxr,Mongolic-Khitan,EasternMongolic,Eurasia,big,mandagar,8,0
Buriat Russia 2,russ1264,bxr,Mongolic-Khitan,EasternMongolic,Eurasia,small,biS3xaN,7,0
Burui,buru1309,bry,Ndu,Ndu,Papunesia,big,numan,5,0
Burui,buru1309,bry,Ndu,Ndu,Papunesia,small,mpE7ndzaik3,11,0
Burum,buru1306,bmu,Nuclear Trans New Guinea,Finisterre-Huon,Papunesia,big,ketaNi,6,0
Burum,buru1306,bmu,Nuclear Trans New Guinea,Finisterre-Huon,Papunesia,small,moroNi,6,0
Burumakok,buru1307,aip,Nuclear Trans New Guinea,Asmat-Awyu-Ok,Papunesia,big,kayam,5,0
Burumakok,buru1307,aip,Nuclear Trans New Guinea,Asmat-Awyu-Ok,Papunesia,small,nodiap,6,0
Burushaski 2,buru1296,bsk,other,other,Eurasia,small,phuko,5,1
Burushaski 2,buru1296,bsk,other,other,Eurasia,big,oyum,4,0
Buy Kobiana,kobi1241,kcj,Atlantic-Congo,NorthAtlantic,Africa,big,leyi,4,0
Buy Kobiana,kobi1241,kcj,Atlantic-Congo,NorthAtlantic,Africa,small,liC,3,0
C Amis,amis1246,ami,Austronesian,CentralEastFormosan,Papunesia,big,aNay,4,0
C Amis,amis1246,ami,Austronesian,CentralEastFormosan,Papunesia,small,kiki7,5,0
C Yupik,cent2127,esu,Eskimo-Aleut,Eskimo-Aleut,NorthAmerica,big,ikkiki,6,0
C Yupik,cent2127,esu,Eskimo-Aleut,Eskimo-Aleut,NorthAmerica,small,mikkuq,6,0
Camotlan Mixe,coat1238,mco,Mixe-Zoque,Mixe,NorthAmerica,big,m3h,3,0
Camotlan Mixe,coat1238,mco,Mixe-Zoque,Mixe,NorthAmerica,small,pi7k,4,0
Cantonese,yuec1235,yue,Sino-Tibetan,Sinitic,Eurasia,big,dai,3,0
Cantonese,yuec1235,yue,Sino-Tibetan,Sinitic,Eurasia,small,sai,3,0
Carolinian,caro1242,cal,Austronesian,Central-EasternMalayo-Polynesian,Papunesia,big,tomwox,6,1
Carolinian,caro1242,cal,Austronesian,Central-EasternMalayo-Polynesian,Papunesia,small,gitixit,7,0
Catalan 3,stan1289,cat,Indo-European,Italic,Eurasia,big,gros,4,0
Catalan 3,stan1289,cat,Indo-European,Italic,Eurasia,small,p3tit,5,0
Catio,embe1260,cto,Chocoan, Chocoan,SouthAmerica,small,wikha,5,1
Catio,embe1260,cto,Chocoan, Chocoan,SouthAmerica,big,waib3a,6,0
Cavinena 1,cavi1250,cav,Pano-Tacanan,Pano-Tacanan,SouthAmerica,big,arida,5,0
Cavinena 1,cavi1250,cav,Pano-Tacanan,Pano-Tacanan,SouthAmerica,small,aCaC,4,0
Cayapa,chac1249,cbi,Barbacoan,Cayapa-Colorado,SouthAmerica,big,awa,3,0
Cayapa,chac1249,cbi,Barbacoan,Cayapa-Colorado,SouthAmerica,small,a5u5u,5,0
Cayuse,cayu1241,xcy,other,other,NorthAmerica,big,yaumua,6,0
Cayuse,cayu1241,xcy,other,other,NorthAmerica,small,etsaNua,7,0
Central Quiche,kich1262,quc,Mayan,Quichean-Mamean,NorthAmerica,small,Cutin,5,0
Central Quiche,kich1262,quc,Mayan,Quichean-Mamean,NorthAmerica,big,nim,3,0
Central Siberian Yupik,cent2128,ess,Eskimo-Aleut,Eskimo-Aleut,Eurasia,big,aNg3lxi,7,0
Central Siberian Yupik,cent2128,ess,Eskimo-Aleut,Eskimo-Aleut,Eurasia,small,amsyak3lxi,10,0
Cham Eastern,east2563,cjm,Austronesian,Malayo-Sumbawan,Eurasia,big,raya,4,0
Cham Eastern,east2563,cjm,Austronesian,Malayo-Sumbawan,Eurasia,small,udar,4,0
Chambri Kilimbit,cham1313,can,Lower Sepik Ramu,LowerSepik,Papunesia,big,ubo,3,0
Chambri Kilimbit,cham1313,can,Lower Sepik Ramu,LowerSepik,Papunesia,small,bapoko,6,0
Chamorro,cham1312,cha,Austronesian,Malayo-Polynesian,Papunesia,big,dankolo,7,0
Chamorro,cham1312,cha,Austronesian,Malayo-Polynesian,Papunesia,small,cibe7,5,0
Chechen 2,chec1245,che,Nakh-Daghestanian,Nakh,Eurasia,big,doqq3,5,0
Chechen 2,chec1245,che,Nakh-Daghestanian,Nakh,Eurasia,small,kegi,4,0
Chehalis Upper,uppe1439,cjh,Salishan,Tsamosan,NorthAmerica,big,taw,3,0
Chehalis Upper,uppe1439,cjh,Salishan,Tsamosan,NorthAmerica,small,Xwel,4,1
Chenapian,chen1259,cjn,Sepik,Iwam-Wogamus,Papunesia,big,tamti,5,0
Chenapian,chen1259,cjn,Sepik,Iwam-Wogamus,Papunesia,small,muNgeiro,8,0
Chiapanec 2,chia1262,cip,Otomanguean,WesternOtomanguean,NorthAmerica,big,aripi,5,0
Chiapanec 2,chia1262,cip,Otomanguean,WesternOtomanguean,NorthAmerica,small,Cu7undi,7,0
Chiapas Zoque,copa1236,zoc,Mixe-Zoque,Zoque,NorthAmerica,big,m3ha,4,0
Chiapas Zoque,copa1236,zoc,Mixe-Zoque,Zoque,NorthAmerica,small,Ciks,4,0
Chichimeco,chic1272,pei,Otomanguean,WesternOtomanguean,NorthAmerica,small,tin7uhkani,10,0
Chichimeco,chic1272,pei,Otomanguean,WesternOtomanguean,NorthAmerica,big,nande7,6,0
Chickasaw,chic1270,cic,Muskogean,WesternMuskogean,NorthAmerica,big,iSto,4,0
Chickasaw,chic1270,cic,Muskogean,WesternMuskogean,NorthAmerica,small,iskanosi,8,0
Chicomuceltec,chic1271,cob,Mayan,HuastecanMayan,NorthAmerica,small,ekwetnik,8,1
Chicomuceltec,chic1271,cob,Mayan,HuastecanMayan,NorthAmerica,big,yeheliC,7,0
Chinantec Sochiapan,soch1239,cso,Otomanguean,WesternOtomanguean,NorthAmerica,big,pa,2,0
Chinantec Sochiapan,soch1239,cso,Otomanguean,WesternOtomanguean,NorthAmerica,small,pi7,3,0
Chinantec Tepetotutla,tepe1279,cnt,Otomanguean,WesternOtomanguean,NorthAmerica,big,huo7,4,0
Chinantec Tepetotutla,tepe1279,cnt,Otomanguean,WesternOtomanguean,NorthAmerica,small,pi7,3,0
Choctaw,choc1276,cho,Muskogean,WesternMuskogean,NorthAmerica,big,Cito,4,0
Choctaw,choc1276,cho,Muskogean,WesternMuskogean,NorthAmerica,small,osi,3,0
Chol Tumbala,chol1282,col,Mayan,WesternMayan,NorthAmerica,small,al3to,5,0
Chol Tumbala,chol1282,col,Mayan,WesternMayan,NorthAmerica,big,no,2,0
Cholti,,qjt,Mayan,WesternMayan,NorthAmerica,big,kolem,5,0
Cholti,,qjt,Mayan,WesternMayan,NorthAmerica,small,cece,4,0
Chontal Tabasco,taba1266,chf,Mayan,WesternMayan,NorthAmerica,small,pi7,3,0
Chontal Tabasco,taba1266,chf,Mayan,WesternMayan,NorthAmerica,big,noh,3,0
Chorti,chor1273,caa,Mayan,WesternMayan,NorthAmerica,small,CuCu7ko7e,9,0
Chorti,chor1273,caa,Mayan,WesternMayan,NorthAmerica,big,nota,4,0
Chrau,chra1242,crw,Austroasiatic,Bahnaric,Eurasia,big,ma7,3,0
Chrau,chra1242,crw,Austroasiatic,Bahnaric,Eurasia,small,ken,3,0
Chuj,chuj1250,cac,Mayan,WesternMayan,NorthAmerica,big,niwkil,6,0
Chuj,chuj1250,cac,Mayan,WesternMayan,NorthAmerica,small,yune,4,0
Chukchee,chuk1273,ckt,Chukotko-Kamchatkan,Chukotko-Kamchatkan,Eurasia,big,n3mey3N,7,0
Chukchee,chuk1273,ckt,Chukotko-Kamchatkan,Chukotko-Kamchatkan,Eurasia,small,n3pp3Lu,7,0
Chuvash 2,chuv1255,chv,Turkic,Bolgar,Eurasia,big,pus3k,5,0
Chuvash 2,chuv1255,chv,Turkic,Bolgar,Eurasia,small,p3C3k,5,0
Clallam,clal1241,clm,Salishan,CentralSalish,NorthAmerica,small,LuLa7,5,0
Clallam,clal1241,clm,Salishan,CentralSalish,NorthAmerica,big,C3q,3,0
Cochimi,coch1272,coj,Cochimi-Yuman,Cochimi-Yuman,NorthAmerica,big,ka,2,0
Cochimi,coch1272,coj,Cochimi-Yuman,Cochimi-Yuman,NorthAmerica,small,texunoey,8,0
Coeruna,,,Huitotoan,Huitotoan,SouthAmerica,big,vamo,4,0
Coeruna,,,Huitotoan,Huitotoan,SouthAmerica,small,anoetzu,7,0
Coeur Dalene,coeu1236,crd,Salishan,InteriorSalish,NorthAmerica,small,ciceme7,7,0
Coeur Dalene,coeu1236,crd,Salishan,InteriorSalish,NorthAmerica,big,xayxit,6,0
Colorado,colo1256,cof,Barbacoan,Cayapa-Colorado,SouthAmerica,big,wa,2,0
Colorado,colo1256,cof,Barbacoan,Cayapa-Colorado,SouthAmerica,small,nakan,5,0
Comanche,coma1245,com,Uto-Aztecan,NorthernUto-Aztecan,NorthAmerica,big,pia,3,0
Comanche,coma1245,com,Uto-Aztecan,NorthernUto-Aztecan,NorthAmerica,small,tutatu,6,0
Cowichan,halk1245,hur,Salishan,CentralSalish,NorthAmerica,small,L3wLa7,6,0
Cowichan,halk1245,hur,Salishan,CentralSalish,NorthAmerica,big,8iy,3,0
Cowlitz,cowl1242,cow,Salishan,Tsamosan,NorthAmerica,big,taw3t,5,0
Cowlitz,cowl1242,cow,Salishan,Tsamosan,NorthAmerica,small,kec,3,0
Creek,cree1270,mus,Muskogean,EasternMuskogean,NorthAmerica,big,Laki,4,0
Creek,cree1270,mus,Muskogean,EasternMuskogean,NorthAmerica,small,Cotki,5,0
Croatian 2,croa1245,hrv,Indo-European,Balto-Slavic,Eurasia,big,wElik,5,0
Croatian 2,croa1245,hrv,Indo-European,Balto-Slavic,Eurasia,small,mali,4,0
Cubeo,cube1242,cub,Tucanoan,Tucanoan,SouthAmerica,big,3rak3,5,0
Cubeo,cube1242,cub,Tucanoan,Tucanoan,SouthAmerica,small,kih3k3,6,0
Czech 2,czec1258,ces,Indo-European,Balto-Slavic,Eurasia,big,vElki,5,0
Czech 2,czec1258,ces,Indo-European,Balto-Slavic,Eurasia,small,mali,4,0
Daga 2,daga1275,dgz,Dagan,Dagan,Papunesia,big,arita,5,0
Daga 2,daga1275,dgz,Dagan,Dagan,Papunesia,small,otukoentu,9,0
Dani Upper Grand Valley,uppe1430,dna,Nuclear Trans New Guinea,Dani,Papunesia,big,gokNgok,7,0
Dani Upper Grand Valley,uppe1430,dna,Nuclear Trans New Guinea,Dani,Papunesia,small,buluk,5,0
Danish 2,dani1285,dan,Indo-European,Germanic,Eurasia,big,sdo7a,5,0
Danish 2,dani1285,dan,Indo-European,Germanic,Eurasia,small,lil3,4,0
Dano Asaro,dano1240,aso,Nuclear Trans New Guinea,Kainantu-Goroka,Papunesia,big,namba,5,0
Dano Asaro,dano1240,aso,Nuclear Trans New Guinea,Kainantu-Goroka,Papunesia,small,Nomo,4,0
Dargwa 2,darg1241,dar,Nakh-Daghestanian,Daghestanian,Eurasia,small,biStal,6,0
Dargwa 2,darg1241,dar,Nakh-Daghestanian,Daghestanian,Eurasia,big,Xalasi,6,0
Deang,ruch1235,pce,Austroasiatic,Khasi-Palaung,Eurasia,big,daN,3,0
Deang,ruch1235,pce,Austroasiatic,Khasi-Palaung,Eurasia,small,diat,4,0
Dedua,dedu1240,ded,Nuclear Trans New Guinea,Finisterre-Huon,Papunesia,big,kuneN,5,0
Dedua,dedu1240,ded,Nuclear Trans New Guinea,Finisterre-Huon,Papunesia,small,kapia,5,0
Diegueno,kumi1248,dih,Cochimi-Yuman,Cochimi-Yuman,NorthAmerica,big,iku,3,0
Diegueno,kumi1248,dih,Cochimi-Yuman,Cochimi-Yuman,NorthAmerica,small,3stik,5,0
Dima,dima1252,jma,Dagan,Dagan,Papunesia,big,ratebi,6,0
Dima,dima1252,jma,Dagan,Dagan,Papunesia,small,susikidi,8,0
Dubu 2,dubu1240,dmu,Pauwasi,Pauwasi,Papunesia,small,mla3mai,7,1
Dubu 2,dubu1240,dmu,Pauwasi,Pauwasi,Papunesia,big,surmabe,7,0
Dutch 2,dutc1256,nld,Indo-European,Germanic,Eurasia,big,xrot,4,0
Dutch 2,dutc1256,nld,Indo-European,Germanic,Eurasia,small,klEin,5,0
Duvle,duvl1242,duv, Lakes_Plain, Lakes_Plain,Papunesia,big,koburovrE,9,0
Duvle,duvl1242,duv, Lakes_Plain, Lakes_Plain,Papunesia,small,obxoka,6,0
Eastern Kekchi Cahabon,kekc1242,kek,Mayan,Quichean-Mamean,NorthAmerica,small,kaCin,5,0
Eastern Kekchi Cahabon,kekc1242,kek,Mayan,Quichean-Mamean,NorthAmerica,big,nim,3,0
Eastern Quiche Rabinal,achi1256,acr,Mayan,Quichean-Mamean,NorthAmerica,small,Cutin,5,0
Eastern Quiche Rabinal,achi1256,acr,Mayan,Quichean-Mamean,NorthAmerica,big,nim,3,0
Efik 2,efik1245,efi,Atlantic-Congo,Benue-Congo,Africa,big,akamba,6,0
Efik 2,efik1245,efi,Atlantic-Congo,Benue-Congo,Africa,small,ekpri,5,0
Eipomek 2,eipo1242,eip,Nuclear Trans New Guinea,Mek,Papunesia,big,wik,3,0
Eipomek 2,eipo1242,eip,Nuclear Trans New Guinea,Mek,Papunesia,small,metek,5,0
Eloyi 3,eloy1241,afo,Atlantic-Congo,Benue-Congo,Africa,big,muso,4,0
Eloyi 3,eloy1241,afo,Atlantic-Congo,Benue-Congo,Africa,small,Eri,3,0
Embera Chami,embe1262,cmi,Chocoan, Chocoan,SouthAmerica,small,khaibe,6,1
Embera Chami,embe1262,cmi,Chocoan, Chocoan,SouthAmerica,big,waib3a,6,0
Emem Umuaf,emum1240,enr,Pauwasi,Pauwasi,Papunesia,big,toxai,5,0
Emem Umuaf,emum1240,enr,Pauwasi,Pauwasi,Papunesia,small,nebe,4,0
Enggipiloe,dama1272,uhn,other,other,Papunesia,big,nal,3,0
Enggipiloe,dama1272,uhn,other,other,Papunesia,small,metau,5,0
English,stan1293,eng,Indo-European,Germanic,Eurasia,big,big,3,0
English,stan1293,eng,Indo-European,Germanic,Eurasia,small,smal,4,0
Eritai,erit1239,ert, Lakes_Plain, Lakes_Plain,Papunesia,big,sokuokwei,9,0
Eritai,erit1239,ert, Lakes_Plain, Lakes_Plain,Papunesia,small,korakikorE,10,0
Erzya 2,erzy1239,myv,Uralic,Mordvin,Eurasia,big,yi5e,4,0
Erzya 2,erzy1239,myv,Uralic,Mordvin,Eurasia,small,viSka,5,0
Ese Ejja,esee1248,ese,Pano-Tacanan,Pano-Tacanan,SouthAmerica,big,kia7ai,6,0
Ese Ejja,esee1248,ese,Pano-Tacanan,Pano-Tacanan,SouthAmerica,small,sisi,4,0
Estonian,esto1258,ekk,Uralic,Finnic,Eurasia,big,sur,3,0
Estonian,esto1258,ekk,Uralic,Finnic,Eurasia,small,vaike,5,0
Evenki,even1259,evn,Tungusic,Tungusic,Eurasia,big,kali,4,0
Evenki,even1259,evn,Tungusic,Tungusic,Eurasia,small,xulukun,7,0
Ewage Notu,ewag1241,nou,Nuclear Trans New Guinea,GreaterBinanderean,Papunesia,big,nembo,5,0
Ewage Notu,ewag1241,nou,Nuclear Trans New Guinea,GreaterBinanderean,Papunesia,small,kiambo,6,0
Favorlang,babu1240,bzg,Austronesian,WesternPlainsAustronesian,Papunesia,big,mato,4,0
Favorlang,babu1240,bzg,Austronesian,WesternPlainsAustronesian,Papunesia,small,gummo,5,0
Fijian,fiji1243,fij,Austronesian,Central-EasternMalayo-Polynesian,Papunesia,big,levu,4,0
Fijian,fiji1243,fij,Austronesian,Central-EasternMalayo-Polynesian,Papunesia,small,lailai,6,0
Finnish,finn1318,fin,Uralic,Finnic,Eurasia,big,iso,3,0
Finnish,finn1318,fin,Uralic,Finnic,Eurasia,small,pieni,5,0
Folopa Sopese,folo1238,ppo,Teberan,Teberan,Papunesia,big,wasi,4,0
Folopa Sopese,folo1238,ppo,Teberan,Teberan,Papunesia,small,makalamani,10,0
Forest Enets 2,fore1265,enf,Uralic,Samoyedic,Eurasia,big,aga,3,0
Forest Enets 2,fore1265,enf,Uralic,Samoyedic,Eurasia,small,ibLEygu,7,0
French,stan1290,fra,Indo-European,Italic,Eurasia,big,gra,3,0
French,stan1290,fra,Indo-European,Italic,Eurasia,small,p3ti,4,0
Futuna East,futu1245,fut,Austronesian,Central-EasternMalayo-Polynesian,Papunesia,big,lasi,4,0
Futuna East,futu1245,fut,Austronesian,Central-EasternMalayo-Polynesian,Papunesia,small,iki7iki,7,0
Fuyug,fuyu1242,fuy,Goilalan, Goilalan,Papunesia,big,inoga,5,0
Fuyug,fuyu1242,fuy,Goilalan, Goilalan,Papunesia,small,galiba,6,0
Gadsup,gads1258,gaj,Nuclear Trans New Guinea,Kainantu-Goroka,Papunesia,big,inoqna,6,0
Gadsup,gads1258,gaj,Nuclear Trans New Guinea,Kainantu-Goroka,Papunesia,small,tsitoq,6,0
Gaikundi,gaik1242,gbf,Ndu,Ndu,Papunesia,big,n3mo,4,0
Gaikundi,gaik1242,gbf,Ndu,Ndu,Papunesia,small,tS3mal,6,0
Gamei 2,bore1247,gai,Lower Sepik Ramu,Ramu,Papunesia,big,ania7,5,0
Gamei 2,bore1247,gai,Lower Sepik Ramu,Ramu,Papunesia,small,tEkEno,6,0
Gants,gant1244,gao,Nuclear Trans New Guinea,Madang,Papunesia,big,kerma,5,0
Gants,gant1244,gao,Nuclear Trans New Guinea,Madang,Papunesia,small,53Ne,4,0
Gapapaiwa,gapa1238,pwg,Austronesian,Central-EasternMalayo-Polynesian,Papunesia,big,xama,4,0
Gapapaiwa,gapa1238,pwg,Austronesian,Central-EasternMalayo-Polynesian,Papunesia,small,gisi,4,0
Gaura Nggaura,kodi1247,kod,Austronesian,Central-EasternMalayo-Polynesian,Papunesia,big,bokolo,6,0
Gaura Nggaura,kodi1247,kod,Austronesian,Central-EasternMalayo-Polynesian,Papunesia,small,maraha,6,0
Gende 2,gend1249,gaf,Nuclear Trans New Guinea,Kainantu-Goroka,Papunesia,big,namba,5,0
Gende 2,gend1249,gaf,Nuclear Trans New Guinea,Kainantu-Goroka,Papunesia,small,keNua,5,0
Georgian 2,nucl1302,kat,other,other,Eurasia,small,mchirE,6,1
Georgian 2,nucl1302,kat,other,other,Eurasia,big,didi,4,0
Giman,gane1237,gzn,Austronesian,Central-EasternMalayo-Polynesian,Papunesia,big,loal,4,0
Giman,gane1237,gzn,Austronesian,Central-EasternMalayo-Polynesian,Papunesia,small,wai,3,0
Giri,kire1240,geb,Lower Sepik Ramu,Ramu,Papunesia,big,ba73k3m,7,0
Giri,kire1240,geb,Lower Sepik Ramu,Ramu,Papunesia,small,bis3ne,6,0
Gondi,nort2702,gno,Dravidian,SouthDravidian,Eurasia,big,pedda,5,0
Gondi,nort2702,gno,Dravidian,SouthDravidian,Eurasia,small,Cinna,5,0
Gorovu 2,goro1261,grq,Lower Sepik Ramu,Agoan,Papunesia,big,aw3,3,0
Gorovu 2,goro1261,grq,Lower Sepik Ramu,Agoan,Papunesia,small,isEt3,5,0
Great Andamanese,mixe1288,gac,other,other,Eurasia,big,elEopho,7,1
Great Andamanese,mixe1288,gac,other,other,Eurasia,small,EmEyo,5,0
Guambiano,guam1248,gum,Barbacoan,Coconucan,SouthAmerica,big,nu,2,0
Guambiano,guam1248,gum,Barbacoan,Coconucan,SouthAmerica,small,lam3,4,0
Guarani,para1311,gug,Tupian,Tupian,SouthAmerica,big,erado,5,0
Guarani,para1311,gug,Tupian,Tupian,SouthAmerica,small,Su7i,4,0
Guichicovi Mixe,isth1238,mir,Mixe-Zoque,Mixe,NorthAmerica,big,m3h,3,0
Guichicovi Mixe,isth1238,mir,Mixe-Zoque,Mixe,NorthAmerica,small,muck,4,0
Hanga Hundi,hang1258,hag,Atlantic-Congo,NorthVolta-Congo,Africa,big,n3ma,4,0
Hanga Hundi,hang1258,hag,Atlantic-Congo,NorthVolta-Congo,Africa,small,yikama,6,0
Hanunoo,hanu1241,hnn,Austronesian,GreaterCentralPhilippine,Papunesia,big,dada,4,0
Hanunoo,hanu1241,hnn,Austronesian,GreaterCentralPhilippine,Papunesia,small,di7it,5,0
Hausa,haus1257,hau,Afro-Asiatic,Chadic,Africa,small,karami,6,0
Hausa,haus1257,hau,Afro-Asiatic,Chadic,Africa,big,babba,5,0
Hawaiian,hawa1245,haw,Austronesian,Central-EasternMalayo-Polynesian,Papunesia,big,nui,3,0
Hawaiian,hawa1245,haw,Austronesian,Central-EasternMalayo-Polynesian,Papunesia,small,iki,3,0
Haya 3,haya1250,hay,Atlantic-Congo,Benue-Congo,Africa,big,hango,5,0
Haya 3,haya1250,hay,Atlantic-Congo,Benue-Congo,Africa,small,nke,3,0
Hewa,hewa1241,ham,Sepik,SepikHill,Papunesia,big,tuwa,4,0
Hewa,hewa1241,ham,Sepik,SepikHill,Papunesia,small,p3tene,6,0
Hidatsa,hida1246,hid,Siouan,CoreSiouan,NorthAmerica,big,ixtia,5,0
Hidatsa,hida1246,hid,Siouan,CoreSiouan,NorthAmerica,small,kadiStadi,9,0
Higaonon Binukid,higa1237,mba,Austronesian,GreaterCentralPhilippine,Papunesia,big,aragi,5,0
Higaonon Binukid,higa1237,mba,Austronesian,GreaterCentralPhilippine,Papunesia,small,aCu7ay,6,0
Highland Tequistlatec,high1242,chd,other,other,NorthAmerica,big,agwega7,7,1
Highland Tequistlatec,high1242,chd,other,other,NorthAmerica,small,aga7ua,6,0
Hill Mari,west2392,mrj,Uralic,Mari,Eurasia,big,koxo,4,0
Hill Mari,west2392,mrj,Uralic,Mari,Eurasia,small,izi,3,0
Hindi,hind1269,hin,Indo-European,Indo-Iranian,Eurasia,big,b3ra,4,0
Hindi,hind1269,hin,Indo-European,Indo-Iranian,Eurasia,small,Chota,5,1
Hixkaryana,hixk1239,hix,other,other,SouthAmerica,big,horyme,6,1
Hixkaryana,hixk1239,hix,other,other,SouthAmerica,small,aCke,4,0
Hmong Njua,hmon1264,hnj,Hmong-Mien,Hmong-Mien,Eurasia,big,lho,3,1
Hmong Njua,hmon1264,hnj,Hmong-Mien,Hmong-Mien,Eurasia,small,Cu,2,0
Hokkaido Ainu,ainu1240,ain,other,other,Eurasia,big,poro,4,0
Hokkaido Ainu,ainu1240,ain,other,other,Eurasia,small,pon,3,0
Huastec,huas1242,hus,Mayan,HuastecanMayan,NorthAmerica,big,pak8a7,6,0
Huastec,huas1242,hus,Mayan,HuastecanMayan,NorthAmerica,small,cipil,5,0
Huave,sanm1287,huv,other,other,NorthAmerica,big,nadam,5,0
Huave,sanm1287,huv,other,other,NorthAmerica,small,nine,4,0
Hube,kube1244,kgf,Nuclear Trans New Guinea,Finisterre-Huon,Papunesia,big,kuneN,5,0
Hube,kube1244,kgf,Nuclear Trans New Guinea,Finisterre-Huon,Papunesia,small,komoga,6,0
Huitoto Minica,mini1256,hto,Huitotoan,Huitotoan,SouthAmerica,big,aiZue,5,0
Huitoto Minica,mini1256,hto,Huitotoan,Huitotoan,SouthAmerica,small,due,3,0
Huitoto Murui,muru1274,huu,Huitotoan,Huitotoan,SouthAmerica,big,aulue,5,0
Huitoto Murui,muru1274,huu,Huitotoan,Huitotoan,SouthAmerica,small,hanore,6,0
Huitoto Nipode,nupo1240,hux,Huitotoan,Huitotoan,SouthAmerica,big,aiZue,5,0
Huitoto Nipode,nupo1240,hux,Huitotoan,Huitotoan,SouthAmerica,small,hiu,3,0
Hula,hula1239,hul,Austronesian,Central-EasternMalayo-Polynesian,Papunesia,big,para,4,0
Hula,hula1239,hul,Austronesian,Central-EasternMalayo-Polynesian,Papunesia,small,kei,3,0
Hungarian,hung1274,hun,Uralic,uralic,Eurasia,big,nagy,4,1
Hungarian,hung1274,hun,Uralic,uralic,Eurasia,small,kis,3,0
Hunjara Kaina Ke,hunj1241,hkk,Nuclear Trans New Guinea,GreaterBinanderean,Papunesia,big,pepemi,6,0
Hunjara Kaina Ke,hunj1241,hkk,Nuclear Trans New Guinea,GreaterBinanderean,Papunesia,small,isoko,5,0
Iatmul,iatm1242,ian,Ndu,Ndu,Papunesia,big,numa,4,0
Iatmul,iatm1242,ian,Ndu,Ndu,Papunesia,small,mak,3,0
Iau,iauu1242,tmu, Lakes_Plain, Lakes_Plain,Papunesia,big,isibE,5,0
Iau,iauu1242,tmu, Lakes_Plain, Lakes_Plain,Papunesia,small,kodubE,6,0
Icelandic 2,icel1247,isl,Indo-European,Germanic,Eurasia,big,stour,5,0
Icelandic 2,icel1247,isl,Indo-European,Germanic,Eurasia,small,lititl,6,0
Igom,kang1291,igm,Lower Sepik Ramu,Ramu,Papunesia,big,arum,4,0
Igom,kang1291,igm,Lower Sepik Ramu,Ramu,Papunesia,small,pitk,4,0
Ika,arhu1242,arh,Chibchan,Chibchan,SouthAmerica,big,aw3n7kawa,9,0
Ika,arhu1242,arh,Chibchan,Chibchan,SouthAmerica,small,ing3kawa,8,0
Imorod,ivat1242,ivv,Austronesian,Batanic,Papunesia,big,rako,4,0
Imorod,ivat1242,ivv,Austronesian,Batanic,Papunesia,small,likey,5,0
Inari Saami 2,inar1241,smn,Uralic,Saami,Eurasia,big,stieres,7,0
Inari Saami 2,inar1241,smn,Uralic,Saami,Eurasia,small,utce,4,0
Indonesian,indo1316,ind,Austronesian,Malayo-Sumbawan,Papunesia,big,besar,5,0
Indonesian,indo1316,ind,Austronesian,Malayo-Sumbawan,Papunesia,small,keCil,5,0
Iraqw,iraq1241,irk,Afro-Asiatic,Cushitic,Africa,big,ur,2,0
Iraqw,iraq1241,irk,Afro-Asiatic,Cushitic,Africa,small,nina,4,0
Irish,iris1253,gle,Indo-European,Celtic,Eurasia,small,byEg,4,1
Irish,iris1253,gle,Indo-European,Celtic,Eurasia,big,mor,3,0
Isaka,kris1246,ksi,Sko,Sko,Papunesia,big,nuo,3,0
Isaka,kris1246,ksi,Sko,Sko,Papunesia,small,nakau,5,0
Italian 2,ital1282,ita,Indo-European,Italic,Eurasia,big,grande,6,0
Italian 2,ital1282,ita,Indo-European,Italic,Eurasia,small,pikkolo,7,0
Itelmen,itel1242,itl,Chukotko-Kamchatkan,Chukotko-Kamchatkan,Eurasia,big,esqCkin,7,0
Itelmen,itel1242,itl,Chukotko-Kamchatkan,Chukotko-Kamchatkan,Eurasia,small,uLuLaX,6,0
Itutang,inap1241,mzu,Lower Sepik Ramu,Ramu,Papunesia,big,amp3ga,6,0
Itutang,inap1241,mzu,Lower Sepik Ramu,Ramu,Papunesia,small,t3gEt3gE,8,0
Itzaj,itza1241,itz,Mayan,Yucatecan,NorthAmerica,big,noh,3,0
Itzaj,itza1241,itz,Mayan,Yucatecan,NorthAmerica,small,CinCan,6,0
Iwam 4,iwam1256,iwm,Sepik,Iwam-Wogamus,Papunesia,big,purik,5,0
Iwam 4,iwam1256,iwm,Sepik,Iwam-Wogamus,Papunesia,small,m3m3sim,7,0
Ixil Chajul,ixil1251,ixl,Mayan,Quichean-Mamean,NorthAmerica,big,nim,3,0
Ixil Chajul,ixil1251,ixl,Mayan,Quichean-Mamean,NorthAmerica,small,uSkin,5,0
Jaad Badiaranke 2,bady1239,pbp,Atlantic-Congo,NorthAtlantic,Africa,big,manende,7,0
Jaad Badiaranke 2,bady1239,pbp,Atlantic-Congo,NorthAtlantic,Africa,small,5im,3,0
Jacaltec,popt1235,jac,Mayan,WesternMayan,NorthAmerica,big,nim,3,0
Jacaltec,popt1235,jac,Mayan,WesternMayan,NorthAmerica,small,niStex,6,0
Jair Awyu,jair1235,awv,Nuclear Trans New Guinea,Asmat-Awyu-Ok,Papunesia,big,ba,2,0
Jair Awyu,jair1235,awv,Nuclear Trans New Guinea,Asmat-Awyu-Ok,Papunesia,small,amCi,4,0
Jalonke 2,yalu1240,yal,Mande,WesternMande,Africa,big,bu,2,0
Jalonke 2,yalu1240,yal,Mande,WesternMande,Africa,small,quruN,5,0
Japanese,nucl1643,jpn,other,other,Eurasia,big,okina,5,0
Japanese,nucl1643,jpn,other,other,Eurasia,small,Cisai,5,0
Jarawa 3,jara1245,anq,other,other,Eurasia,big,gul,3,0
Jarawa 3,jara1245,anq,other,other,Eurasia,small,g3p,3,0
Jeh,jehh1245,jeh,Austroasiatic,Bahnaric,Eurasia,big,tih,3,0
Jeh,jehh1245,jeh,Austroasiatic,Bahnaric,Eurasia,small,t3si,4,0
Jicaque,toll1241,jic,other,other,NorthAmerica,small,chikh,5,2
Jicaque,toll1241,jic,other,other,NorthAmerica,big,p3ne,4,0
Jiliapan Pame,sout2999,pmz,Otomanguean,WesternOtomanguean,NorthAmerica,big,mada,4,0
Jiliapan Pame,sout2999,pmz,Otomanguean,WesternOtomanguean,NorthAmerica,small,since7,6,0
Joola Fogny,jola1263,dyo,Atlantic-Congo,CentralAtlantic,Africa,big,pupui,5,0
Joola Fogny,jola1263,dyo,Atlantic-Congo,CentralAtlantic,Africa,small,titi,4,0
Joola Kasa 4,jola1262,csk,Atlantic-Congo,CentralAtlantic,Africa,big,am3k,4,0
Joola Kasa 4,jola1262,csk,Atlantic-Congo,CentralAtlantic,Africa,small,titi,4,0
Jowulu,jowu1238,jow,Mande,WesternMande,Africa,big,sinang,6,0
Jowulu,jowu1238,jow,Mande,WesternMande,Africa,small,pyaN,4,0
Jupda,hupd1244,jup,Naduhup,Naduhup,SouthAmerica,small,tEh,3,0
Jupda,hupd1244,jup,Naduhup,Naduhup,SouthAmerica,big,pog,3,0
Juquila Mixe,juqu1238,mxq,Mixe-Zoque,Mixe,NorthAmerica,big,m3h,3,0
Juquila Mixe,juqu1238,mxq,Mixe-Zoque,Mixe,NorthAmerica,small,muck,4,0
Kabiye 3,kabi1261,kbp,Atlantic-Congo,NorthVolta-Congo,Africa,big,eboxala,7,0
Kabiye 3,kabi1261,kbp,Atlantic-Congo,NorthVolta-Congo,Africa,small,fiyindo,7,0
Kadiweu,kadi1248,kbc,Guaicuruan,Guaicuruan,SouthAmerica,big,nelegi,6,0
Kadiweu,kadi1248,kbc,Guaicuruan,Guaicuruan,SouthAmerica,small,idalogodi,9,0
Kaian 2,kaia1245,kct,Lower Sepik Ramu,Ramu,Papunesia,big,anEa7,5,0
Kaian 2,kaia1245,kct,Lower Sepik Ramu,Ramu,Papunesia,small,ino7,4,0
Kairiru,kair1263,kxa,Austronesian,Central-EasternMalayo-Polynesian,Papunesia,big,lipa,4,0
Kairiru,kair1263,kxa,Austronesian,Central-EasternMalayo-Polynesian,Papunesia,small,sqai5,5,0
Kaiy 2,kaiy1239,tcq, Lakes_Plain, Lakes_Plain,Papunesia,big,kraiori,7,0
Kaiy 2,kaiy1239,tcq, Lakes_Plain, Lakes_Plain,Papunesia,small,tigiori,7,0
Kakua,cacu1241,cbv,Kakua-Nukak,Kakua-Nukak,SouthAmerica,big,b3di,4,0
Kakua,cacu1241,cbv,Kakua-Nukak,Kakua-Nukak,SouthAmerica,small,bayd3,5,0
Kalaallisut,kala1399,kal,Eskimo-Aleut,Eskimo-Aleut,NorthAmerica,big,aNivoq,6,0
Kalaallisut,kala1399,kal,Eskimo-Aleut,Eskimo-Aleut,NorthAmerica,small,mikivoq,7,0
Kalam 2,kala1397,kmh,Nuclear Trans New Guinea,Madang,Papunesia,big,yob,3,0
Kalam 2,kala1397,kmh,Nuclear Trans New Guinea,Madang,Papunesia,small,skoy,4,0
Kalmyk 2,kalm1243,xal,Mongolic-Khitan,EasternMongolic,Eurasia,small,piChkEn,7,1
Kalmyk 2,kalm1243,xal,Mongolic-Khitan,EasternMongolic,Eurasia,big,ikE,3,0
Kalou,kalo1262,ywa,Sepik,SepikTama,Papunesia,big,aruwawei,8,0
Kalou,kalo1262,ywa,Sepik,SepikTama,Papunesia,small,auniNgin,8,0
Kannada,nucl1305,kan,Dravidian,SouthDravidian,Eurasia,big,dodda,5,0
Kannada,nucl1305,kan,Dravidian,SouthDravidian,Eurasia,small,Cikka,5,0
Kanuri,cent2050,knc,other,other,Africa,big,kura,4,0
Kanuri,cent2050,knc,other,other,Africa,small,gana,4,0
Kapampangan,pamp1243,pam,Austronesian,CentralLuzon,Papunesia,big,maragul,7,0
Kapampangan,pamp1243,pam,Austronesian,CentralLuzon,Papunesia,small,malati,6,0
Kapingamarangi,kapi1249,kpg,Austronesian,Central-EasternMalayo-Polynesian,Papunesia,big,tamana,6,0
Kapingamarangi,kapi1249,kpg,Austronesian,Central-EasternMalayo-Polynesian,Papunesia,small,tama,4,0
Kapriman,kapr1245,dju,Sepik,SepikHill,Papunesia,small,glikha,6,1
Kapriman,kapr1245,dju,Sepik,SepikHill,Papunesia,big,marbe,5,0
Karawa 2,kara1495,xrw,Sepik,Ram,Papunesia,big,lu,2,0
Karawa 2,kara1495,xrw,Sepik,Ram,Papunesia,small,k3tinaure,9,0
Karok,karo1304,kyh,other,other,NorthAmerica,big,kam,3,0
Karok,karo1304,kyh,other,other,NorthAmerica,small,7anamahaC,9,0
Kate,kate1253,kmg,Nuclear Trans New Guinea,Finisterre-Huon,Papunesia,big,ko7gbene,8,0
Kate,kate1253,kmg,Nuclear Trans New Guinea,Finisterre-Huon,Papunesia,small,piti7ne,7,0
Kaulong,kaul1240,pss,Austronesian,Central-EasternMalayo-Polynesian,Papunesia,big,nuhum,5,0
Kaulong,kaul1240,pss,Austronesian,Central-EasternMalayo-Polynesian,Papunesia,small,tun,3,0
Kaure 2,kaur1271,bpp,other,other,Papunesia,big,simbua,6,0
Kaure 2,kaur1271,bpp,other,other,Papunesia,small,tanya,5,0
Kayagar,kaya1328,kyt,other,other,Papunesia,big,tapur,5,0
Kayagar,kaya1328,kyt,other,other,Papunesia,small,tap3reax,8,0
Kazakh 2,kaza1248,kaz,Turkic,CommonTurkic,Eurasia,big,olpomsodoy,10,0
Kazakh 2,kaza1248,kaz,Turkic,CommonTurkic,Eurasia,small,k3Skene,7,0
Ket 2,kett1243,ket,other,other,Eurasia,big,qya,3,1
Ket 2,kett1243,ket,other,other,Eurasia,small,xo5a5S,6,0
Ketum,ketu1238,ktt,Nuclear Trans New Guinea,Asmat-Awyu-Ok,Papunesia,big,Endibop,7,0
Ketum,ketu1238,ktt,Nuclear Trans New Guinea,Asmat-Awyu-Ok,Papunesia,small,3mbunmun,8,0
Keuw,kehu1238,khh,other,other,Papunesia,big,mbuudno,7,0
Keuw,kehu1238,khh,other,other,Papunesia,small,nud3keemudnuNgui,16,0
Kewa,west2599,kew,Nuclear Trans New Guinea,Enga-Kewa-Huli,Papunesia,big,ada,3,0
Kewa,west2599,kew,Nuclear Trans New Guinea,Enga-Kewa-Huli,Papunesia,small,ege,3,0
Khalkha Mongolian,halh1238,khk,Mongolic-Khitan,EasternMongolic,Eurasia,big,yix,3,1
Khalkha Mongolian,halh1238,khk,Mongolic-Khitan,EasternMongolic,Eurasia,small,paqa,4,0
Khasi,khas1269,kha,Austroasiatic,Khasi-Palaung,Eurasia,big,khraw,5,1
Khasi,khas1269,kha,Austroasiatic,Khasi-Palaung,Eurasia,small,rit,3,0
Khmer,cent1989,khm,Austroasiatic,Khmeric,Eurasia,big,dhom,4,1
Khmer,cent1989,khm,Austroasiatic,Khmeric,Eurasia,small,tuC,3,0
Khmu,khmu1256,kjg,Austroasiatic,Khmuic,Eurasia,big,nam,3,0
Khmu,khmu1256,kjg,Austroasiatic,Khmuic,Eurasia,small,nE,2,0
Kibiri 2,kibi1239,prm,other,other,Papunesia,big,iwari,5,0
Kibiri 2,kibi1239,prm,other,other,Papunesia,small,eteaurimi,9,0
Kildin Saami 2,kild1236,sjd,Uralic,Saami,Eurasia,big,Surr,4,0
Kildin Saami 2,kild1236,sjd,Uralic,Saami,Eurasia,small,utC,3,0
Kilivila,kili1267,kij,Austronesian,Central-EasternMalayo-Polynesian,Papunesia,big,veka,4,0
Kilivila,kili1267,kij,Austronesian,Central-EasternMalayo-Polynesian,Papunesia,small,kekita,6,0
Kimki,kimk1238,sbt,other,other,Papunesia,big,sukwi,5,0
Kimki,kimk1238,sbt,other,other,Papunesia,small,karasmum,8,0
Klamath,klam1254,kla,other,other,NorthAmerica,small,keCCa,5,0
Klamath,klam1254,kla,other,other,NorthAmerica,big,mo,2,0
Koasati,koas1236,cku,Muskogean,Alabaman-Koasati,NorthAmerica,big,Coba,4,0
Koasati,koas1236,cku,Muskogean,Alabaman-Koasati,NorthAmerica,small,Cokibosi,8,0
Kodava,koda1255,kfa,Dravidian,SouthDravidian,Eurasia,big,balyad3,7,0
Kodava,koda1255,kfa,Dravidian,SouthDravidian,Eurasia,small,Ceriyad3,8,0
Kofei,kofe1239,kpi,Geelvink, Geelvink_Bay,Papunesia,big,duba,4,0
Kofei,kofe1239,kpi,Geelvink, Geelvink_Bay,Papunesia,small,solaidE,7,0
Kokota,koko1269,kkk,Austronesian,Central-EasternMalayo-Polynesian,Papunesia,big,dou,3,0
Kokota,koko1269,kkk,Austronesian,Central-EasternMalayo-Polynesian,Papunesia,small,ikua,4,0
Kol Png,kolc1235,biw,Atlantic-Congo,Benue-Congo,Africa,small,kapuo,5,0
Kol Png,kolc1235,biw,Atlantic-Congo,Benue-Congo,Africa,big,puo,3,0
Komba,komb1273,kpf,Nuclear Trans New Guinea,Finisterre-Huon,Papunesia,big,pato,4,0
Komba,komb1273,kpf,Nuclear Trans New Guinea,Finisterre-Huon,Papunesia,small,moikto,6,0
Komi Permyak 2,komi1269,koi,Uralic,Permian,Eurasia,big,3dZ3t,5,0
Komi Permyak 2,komi1269,koi,Uralic,Permian,Eurasia,small,uC3Tik,6,0
Komi Zyrian 2,komi1268,kpv,Uralic,Permian,Eurasia,big,3j3d,4,0
Komi Zyrian 2,komi1268,kpv,Uralic,Permian,Eurasia,small,yiC3t,5,0
Komnzo,wara1294,tci,other,other,Papunesia,big,kafar,5,0
Komnzo,wara1294,tci,other,other,Papunesia,small,katan,5,0
Konai,kona1242,kxw,other,other,Papunesia,big,heye,4,0
Konai,kona1242,kxw,other,other,Papunesia,small,fafwi,5,0
Kopar 2,kopa1248,xop,Lower Sepik Ramu,LowerSepik,Papunesia,big,kapu,4,0
Kopar 2,kopa1248,xop,Lower Sepik Ramu,LowerSepik,Papunesia,small,Nanjirik,8,0
Kopkaka,kopk1238,opk,Nuclear Trans New Guinea,Asmat-Awyu-Ok,Papunesia,big,qayam,5,0
Kopkaka,kopk1238,opk,Nuclear Trans New Guinea,Asmat-Awyu-Ok,Papunesia,small,noriap,6,0
Korean,kore1280,kor,other,other,Eurasia,big,kun,3,0
Korean,kore1280,kor,other,other,Eurasia,small,Cakun,5,0
Koryak,kory1246,kpy,Chukotko-Kamchatkan,Chukotko-Kamchatkan,Eurasia,small,n3pplyu,7,1
Koryak,kory1246,kpy,Chukotko-Kamchatkan,Chukotko-Kamchatkan,Eurasia,big,nemey3N,7,0
Kosare 2,kosa1251,kiq,other,other,Papunesia,big,aubi,4,0
Kosare 2,kosa1251,kiq,other,other,Papunesia,small,nonana,6,0
Kosorong,boro1279,ksr,Nuclear Trans New Guinea,Finisterre-Huon,Papunesia,big,somata,6,0
Kosorong,boro1279,ksr,Nuclear Trans New Guinea,Finisterre-Huon,Papunesia,small,merak,5,0
Kota India,kota1263,kfe,Dravidian,SouthDravidian,Eurasia,big,todut,5,0
Kota India,kota1263,kfe,Dravidian,SouthDravidian,Eurasia,small,gunt3,5,0
Kovai 2,kova1243,kqb,Nuclear Trans New Guinea,Finisterre-Huon,Papunesia,big,komut,5,0
Kovai 2,kova1243,kqb,Nuclear Trans New Guinea,Finisterre-Huon,Papunesia,small,kon,3,0
Koya,ngom1270,nra,Atlantic-Congo,Benue-Congo,Africa,small,esadyE,6,1
Koya,ngom1270,nra,Atlantic-Congo,Benue-Congo,Africa,big,kyeseka,7,0
Koya India,koya1251,kff,Dravidian,SouthDravidian,Eurasia,big,berra,5,0
Koya India,koya1251,kff,Dravidian,SouthDravidian,Eurasia,small,Cinnad,6,0
Ksinmul,puoc1238,puo,Austroasiatic,Khmuic,Eurasia,big,do,2,0
Ksinmul,puoc1238,puo,Austroasiatic,Khmuic,Eurasia,small,nek,3,0
Kui Thailand,kuii1252,kxu,Dravidian,SouthDravidian,Eurasia,big,ph3t,4,1
Kui Thailand,kuii1252,kxu,Dravidian,SouthDravidian,Eurasia,small,kEt,3,0
Kuni Boazi,kuni1263,kse,Austronesian,Central-EasternMalayo-Polynesian,Papunesia,big,knboxobe,8,0
Kuni Boazi,kuni1263,kse,Austronesian,Central-EasternMalayo-Polynesian,Papunesia,small,kapenovogasi,12,0
Kurukh 2,kuru1302,kru,Dravidian,NorthDravidian,Eurasia,big,koha,4,0
Kurukh 2,kuru1302,kru,Dravidian,NorthDravidian,Eurasia,small,sanni,5,0
Kusaie,kosr1238,kos,Austronesian,Central-EasternMalayo-Polynesian,Papunesia,small,sr3k,4,1
Kusaie,kosr1238,kos,Austronesian,Central-EasternMalayo-Polynesian,Papunesia,big,yok,3,0
Kwer,kwer1265,kwr,Nuclear Trans New Guinea,Asmat-Awyu-Ok,Papunesia,big,ayam,4,0
Kwer,kwer1265,kwr,Nuclear Trans New Guinea,Asmat-Awyu-Ok,Papunesia,small,awi,3,0
Kwerba Airmati 3,nucl1595,kwe,Greater Kwerba,Greater Kwerba,Papunesia,big,dejauwer,8,0
Kwerba Airmati 3,nucl1595,kwe,Greater Kwerba,Greater Kwerba,Papunesia,small,arikurikam,10,0
Kwoma,kwom1262,kmo,Sepik,Nukuma,Papunesia,big,harapa,6,0
Kwoma,kwom1262,kmo,Sepik,Nukuma,Papunesia,small,kapakada,8,0
Kwusaun,boik1241,bzf,Ndu,Ndu,Papunesia,big,mad3,4,0
Kwusaun,boik1241,bzf,Ndu,Ndu,Papunesia,small,C3p3,4,0
Lacandon,laca1243,lac,Mayan,Yucatecan,NorthAmerica,big,kaem,4,0
Lacandon,laca1243,lac,Mayan,Yucatecan,NorthAmerica,small,CiCan,5,0
Lak 2,lakk1252,lbe,Nakh-Daghestanian,Daghestanian,Eurasia,small,Ciwissa,7,0
Lak 2,lakk1252,lbe,Nakh-Daghestanian,Daghestanian,Eurasia,big,buXarassa,9,0
Lakhota,lako1247,lkt,Siouan,CoreSiouan,NorthAmerica,big,thaka,5,1
Lakhota,lako1247,lkt,Siouan,CoreSiouan,NorthAmerica,small,Cikala,6,0
Landuma 2,land1256,ldm,Atlantic-Congo,NorthernMel,Africa,big,baki,4,0
Landuma 2,land1256,ldm,Atlantic-Congo,NorthernMel,Africa,small,fEt,3,0
Latin 2,lati1261,lat,Indo-European,Italic,Eurasia,big,maNnus,6,0
Latin 2,lati1261,lat,Indo-European,Italic,Eurasia,small,parwus,6,0
Latvian,stan1325,lvs,Indo-European,Balto-Slavic,Eurasia,big,liels,5,0
Latvian,stan1325,lvs,Indo-European,Balto-Slavic,Eurasia,small,marzs,5,0
Lealao Chinantec,leal1235,cle,Otomanguean,WesternOtomanguean,NorthAmerica,big,gay,3,0
Lealao Chinantec,leal1235,cle,Otomanguean,WesternOtomanguean,NorthAmerica,small,pi7,3,0
Leitre 2,vani1248,vam,Sko,Sko,Papunesia,big,damE,4,0
Leitre 2,vani1248,vam,Sko,Sko,Papunesia,small,lEma,4,0
Lepki,lepk1238,lpe,Lepki-Murkim-Kembra, Lepki-Murkim,Papunesia,big,kibit,5,0
Lepki,lepk1238,lpe,Lepki-Murkim-Kembra, Lepki-Murkim,Papunesia,small,kis,3,0
Lezgian,lezg1247,lez,Nakh-Daghestanian,Daghestanian,Eurasia,small,XweCi,5,1
Lezgian,lezg1247,lez,Nakh-Daghestanian,Daghestanian,Eurasia,big,eke,3,0
Lillooet,lill1248,lil,Salishan,InteriorSalish,NorthAmerica,small,kwikws,6,2
Lillooet,lill1248,lil,Salishan,InteriorSalish,NorthAmerica,big,xzum,4,0
Lithuanian,lith1251,lit,Indo-European,Balto-Slavic,Eurasia,big,didelis,7,0
Lithuanian,lith1251,lit,Indo-European,Balto-Slavic,Eurasia,small,maZas,5,0
Livonian,livv1244,liv,Uralic,Finnic,Eurasia,big,sur,3,0
Livonian,livv1244,liv,Uralic,Finnic,Eurasia,small,piSki,5,0
Lou,louu1245,loj,Austronesian,Central-EasternMalayo-Polynesian,Papunesia,small,kapwiri,7,1
Lou,louu1245,loj,Austronesian,Central-EasternMalayo-Polynesian,Papunesia,big,meneNan,7,0
Lule Saami 2,lule1254,smj,Uralic,Saami,Eurasia,big,stuuorro,8,0
Lule Saami 2,lule1254,smj,Uralic,Saami,Eurasia,small,unnE,4,0
Lushootseed,lush1252,lut,Salishan,CentralSalish,NorthAmerica,big,hikw,4,1
Lushootseed,lush1252,lut,Salishan,CentralSalish,NorthAmerica,small,bibad,5,0
Madi,madi1261,grg,Nuclear Trans New Guinea,Finisterre-Huon,Papunesia,big,EumbEN,6,0
Madi,madi1261,grg,Nuclear Trans New Guinea,Finisterre-Huon,Papunesia,small,bulakaiNmi,10,0
Maiana,maia1253,tnh,Nuclear Trans New Guinea,Madang,Papunesia,big,uwo,3,0
Maiana,maia1253,tnh,Nuclear Trans New Guinea,Madang,Papunesia,small,mete,4,0
Maiwa 2,maiw1251,mti,Dagan,Dagan,Papunesia,big,khokha,6,2
Maiwa 2,maiw1251,mti,Dagan,Dagan,Papunesia,small,khithu,6,2
Malayalam 2,mala1464,mal,Dravidian,SouthDravidian,Eurasia,big,walud3,6,0
Malayalam 2,mala1464,mal,Dravidian,SouthDravidian,Eurasia,small,Ceriya,6,0
Malto,saur1249,mjt,Dravidian,NorthDravidian,Eurasia,big,bedo,4,0
Malto,saur1249,mjt,Dravidian,NorthDravidian,Eurasia,small,rikwadi,7,0
Mam Northern,mamm1241,mam,Mayan,Quichean-Mamean,NorthAmerica,big,ma7,3,0
Mam Northern,mamm1241,mam,Mayan,Quichean-Mamean,NorthAmerica,small,ko7,3,0
Manambu 2,mana1298,mle,Ndu,Ndu,Papunesia,big,numa,4,0
Manambu 2,mana1298,mle,Ndu,Ndu,Papunesia,small,kwasa,5,0
Manchu 4,manc1252,mnc,Tungusic,Tungusic,Eurasia,big,ampa,4,0
Manchu 4,manc1252,mnc,Tungusic,Tungusic,Eurasia,small,ajiko,5,0
Mandarin,mand1415,cmn,Sino-Tibetan,Sinitic,Eurasia,big,tate,4,0
Mandarin,mand1415,cmn,Sino-Tibetan,Sinitic,Eurasia,small,Seau,4,0
Mandinka 3,mand1436,mnk,Mande,WesternMande,Africa,big,abu,3,0
Mandinka 3,mand1436,mnk,Mande,WesternMande,Africa,small,mesein,6,0
Mandobo Bawah,mand1445,bwp,Nuclear Trans New Guinea,Asmat-Awyu-Ok,Papunesia,big,kononu,6,0
Mandobo Bawah,mand1445,bwp,Nuclear Trans New Guinea,Asmat-Awyu-Ok,Papunesia,small,bEron,5,0
Manjaku 5,mand1419,mfv,Atlantic-Congo,CentralAtlantic,Africa,big,aram,4,0
Manjaku 5,mand1419,mfv,Atlantic-Congo,CentralAtlantic,Africa,small,ti3s,4,0
Mankanya 3,mank1251,knf,Atlantic-Congo,CentralAtlantic,Africa,big,udambe,6,0
Mankanya 3,mank1251,knf,Atlantic-Congo,CentralAtlantic,Africa,small,tiso,4,0
Mano Mann 2,mann1248,mev,Mande,EasternMande,Africa,big,Egbou,5,0
Mano Mann 2,mann1248,mev,Mande,EasternMande,Africa,small,bei,3,0
Manza 2,manz1243,mzv,Atlantic-Congo,NorthVolta-Congo,Africa,big,gmangaN,7,0
Manza 2,manz1243,mzv,Atlantic-Congo,NorthVolta-Congo,Africa,small,be,2,0
Maori,maor1246,mri,Austronesian,Central-EasternMalayo-Polynesian,Papunesia,big,nui,3,0
Maori,maor1246,mri,Austronesian,Central-EasternMalayo-Polynesian,Papunesia,small,pakupaku,8,0
Mape 2,mape1249,mlh,Nuclear Trans New Guinea,Finisterre-Huon,Papunesia,big,yasogo,6,0
Mape 2,mape1249,mlh,Nuclear Trans New Guinea,Finisterre-Huon,Papunesia,small,mendakne,8,0
Mapudungun,mapu1245,arn,other,other,SouthAmerica,big,f3Ca,4,0
Mapudungun,mapu1245,arn,other,other,SouthAmerica,small,piCi,4,0
Massep,mass1263,mvs,other,other,Papunesia,big,katiriji,8,0
Massep,mass1263,mvs,other,other,Papunesia,small,masaroxe,8,0
Mawes,mawe1251,mgk,other,other,Papunesia,big,dusen,5,0
Mawes,mawe1251,mgk,other,other,Papunesia,small,karawen,7,0
Maya Yucatan,yuca1254,yua,Mayan,Yucatecan,NorthAmerica,big,nohoC,5,0
Maya Yucatan,yuca1254,yua,Mayan,Yucatecan,NorthAmerica,small,Can,3,0
Mayo,mayo1264,mfy,Uto-Aztecan,SouthernUto-Aztecan,NorthAmerica,big,bwe7uru,7,1
Mayo,mayo1264,mfy,Uto-Aztecan,SouthernUto-Aztecan,NorthAmerica,small,ilitCi,6,0
Mazatec Chiquihuitlan,chiq1250,maq,Otomanguean,EasternOtomanguean,NorthAmerica,small,7nCu,4,0
Mazatec Chiquihuitlan,chiq1250,maq,Otomanguean,EasternOtomanguean,NorthAmerica,big,hyE,3,0
Mbere 2,mber1257,mdt,Atlantic-Congo,Benue-Congo,Africa,big,bunEnE,6,0
Mbere 2,mber1257,mdt,Atlantic-Congo,Benue-Congo,Africa,small,aya,3,0
Meadow Mari 2,east2328,mhr,Uralic,Mari,Eurasia,big,kugu,4,0
Meadow Mari 2,east2328,mhr,Uralic,Mari,Eurasia,small,yizi,4,0
Mehek,mehe1243,nux,Sepik,SepikTama,Papunesia,big,samba,5,0
Mehek,mehe1243,nux,Sepik,SepikTama,Papunesia,small,kaiembo,7,0
Mende Png,mend1268,sim,Sepik,Nukuma,Papunesia,big,havika,6,0
Mende Png,mend1268,sim,Sepik,Nukuma,Papunesia,small,kanda,5,0
Miguel Chimalapa,chim1300,zoh,Mixe-Zoque,Zoque,NorthAmerica,big,komi7,5,0
Miguel Chimalapa,chim1300,zoh,Mixe-Zoque,Zoque,NorthAmerica,small,wakSiN7,7,0
Mikarew,arua1260,msy,Lower Sepik Ramu,Ramu,Papunesia,big,ekevi,5,0
Mikarew,arua1260,msy,Lower Sepik Ramu,Ramu,Papunesia,small,dosi,4,0
Mikasuki,mika1239,mik,Muskogean,EasternMuskogean,NorthAmerica,big,Cob,3,0
Mikasuki,mika1239,mik,Muskogean,EasternMuskogean,NorthAmerica,small,wink,4,0
Mirana,bora1263,boa,Boran,Boran,SouthAmerica,big,mithya,6,2
Mirana,bora1263,boa,Boran,Boran,SouthAmerica,small,aryanekwu,9,2
Mocha,shek1244,moy,other,other,Africa,big,ogo,3,0
Mocha,shek1244,moy,other,other,Africa,small,giSo,4,0
Mocho,moch1257,mhc,Mayan,WesternMayan,NorthAmerica,big,man,3,0
Mocho,moch1257,mhc,Mayan,WesternMayan,NorthAmerica,small,capa,4,0
Modern Greek,mode1248,ell,Indo-European,Graeco-Phrygian,Eurasia,big,mexalos,7,0
Modern Greek,mode1248,ell,Indo-European,Graeco-Phrygian,Eurasia,small,mikros,6,0
Modern Hebrew,hebr1245,heb,Afro-Asiatic,Semitic,Eurasia,big,gadol,5,0
Modern Hebrew,hebr1245,heb,Afro-Asiatic,Semitic,Eurasia,small,katan,5,0
Mokpwe,mokp1239,bri,Atlantic-Congo,Benue-Congo,Africa,big,oloa,4,0
Mokpwe,mokp1239,bri,Atlantic-Congo,Benue-Congo,Africa,small,sali,4,0
Moksha,moks1248,mdf,Uralic,Mordvin,Eurasia,big,ocyu,4,1
Moksha,moks1248,mdf,Uralic,Mordvin,Eurasia,small,yomla,5,0
Momolili,mese1244,mci,Nuclear Trans New Guinea,Finisterre-Huon,Papunesia,big,k3itn,5,0
Momolili,mese1244,mci,Nuclear Trans New Guinea,Finisterre-Huon,Papunesia,small,namzi,5,0
Mon,monn1252,mnw,Austroasiatic,Monic,Eurasia,big,Znok,4,0
Mon,monn1252,mnw,Austroasiatic,Monic,Eurasia,small,5i,2,0
Moni 3,moni1261,mnz,Nuclear Trans New Guinea,PaniaiLakes,Papunesia,big,tope,4,0
Moni 3,moni1261,mnz,Nuclear Trans New Guinea,PaniaiLakes,Papunesia,small,biya,4,0
Montana Salish,kali1308,fla,Salishan,InteriorSalish,NorthAmerica,big,kwtunt,6,1
Montana Salish,kali1308,fla,Salishan,InteriorSalish,NorthAmerica,small,Lkwkwnume7,10,2
Monumbo 2,nucl1458,mxk,other,other,Papunesia,big,Namb3ra,7,0
Monumbo 2,nucl1458,mxk,other,other,Papunesia,small,mot3r,5,0
Mopan,mopa1243,mop,Mayan,Yucatecan,NorthAmerica,big,noC,3,0
Mopan,mopa1243,mop,Mayan,Yucatecan,NorthAmerica,small,nene7,5,0
Morawa 2,mora1273,mze,Mailuan,Mailuan,Papunesia,big,wago,4,0
Morawa 2,mora1273,mze,Mailuan,Mailuan,Papunesia,small,wageha,6,0
Morop,iwur1240,iwo,Nuclear Trans New Guinea,Asmat-Awyu-Ok,Papunesia,big,t3rum,5,0
Morop,iwur1240,iwo,Nuclear Trans New Guinea,Asmat-Awyu-Ok,Papunesia,small,k3noN3,6,0
Mot Murkim,murk1238,rmh,Lepki-Murkim-Kembra, Lepki-Murkim,Papunesia,big,baitigwar,9,1
Mot Murkim,murk1238,rmh,Lepki-Murkim-Kembra, Lepki-Murkim,Papunesia,small,kis,3,0
Mountain Koiari 3,moun1252,kpx,other,other,Papunesia,big,baluga,6,0
Mountain Koiari 3,moun1252,kpx,other,other,Papunesia,small,ese,3,0
Movima,movi1243,mzp,other,other,SouthAmerica,big,mere7e,6,0
Movima,movi1243,mzp,other,other,SouthAmerica,small,toCi7i,6,0
Mubami 2,muba1238,tsx,Anim,InlandGulfofPapua,Papunesia,big,golioliwo,9,0
Mubami 2,muba1238,tsx,Anim,InlandGulfofPapua,Papunesia,small,goisi7e,7,0
Muinane,muin1242,bmr,Boran,Boran,SouthAmerica,big,gira,4,0
Muinane,muin1242,bmr,Boran,Boran,SouthAmerica,small,numenene,8,0
Mulaha,mula1254,mfw,Kwalean,Kwalean,Papunesia,big,auki,4,0
Mulaha,mula1254,mfw,Kwalean,Kwalean,Papunesia,small,kirigi,6,0
Mundari,mund1320,unr,Austroasiatic,Mundaic,Eurasia,big,maraN,5,0
Mundari,mund1320,unr,Austroasiatic,Mundaic,Eurasia,small,kuniN,5,0
Murik 2,muri1260,mtf,Lower Sepik Ramu,LowerSepik,Papunesia,big,apo,3,0
Murik 2,muri1260,mtf,Lower Sepik Ramu,LowerSepik,Papunesia,small,NgaNgan,7,0
N Tairora,nort2920,tbg,Nuclear Trans New Guinea,Kainantu-Goroka,Papunesia,big,nora,4,0
N Tairora,nort2920,tbg,Nuclear Trans New Guinea,Kainantu-Goroka,Papunesia,small,inara,5,0
Nabak,naba1256,naf,Nuclear Trans New Guinea,Finisterre-Huon,Papunesia,big,taemba,6,0
Nabak,naba1256,naf,Nuclear Trans New Guinea,Finisterre-Huon,Papunesia,small,isikN3n,7,0
Nadeb,nade1244,mbj,Naduhup,Naduhup,SouthAmerica,big,poN,3,0
Nadeb,nade1244,mbj,Naduhup,Naduhup,SouthAmerica,small,iS,2,0
Nagatman,yale1246,nce,other,other,Papunesia,big,takwu,5,0
Nagatman,yale1246,nce,other,other,Papunesia,small,t3kwepu,7,0
Nai,naii1241,bio,other,other,Papunesia,big,amaru,5,0
Nai,naii1241,bio,other,other,Papunesia,small,n3kapwi,7,0
Nalik,nali1244,nal,Austronesian,Central-EasternMalayo-Polynesian,Papunesia,big,laba,4,0
Nalik,nali1244,nal,Austronesian,Central-EasternMalayo-Polynesian,Papunesia,small,mumut,5,0
Nalu 3,nalu1240,naj,Atlantic-Congo,NorthAtlantic,Africa,big,atibel,6,0
Nalu 3,nalu1240,naj,Atlantic-Congo,NorthAtlantic,Africa,small,fi5ah,5,0
Nambikwara,sout2994,nab,other,other,SouthAmerica,big,kain,4,0
Nambikwara,sout2994,nab,other,other,SouthAmerica,small,Cune,4,0
Namia,nami1256,nnm,Sepik,YellowRiver,Papunesia,big,kapou,5,0
Namia,nami1256,nnm,Sepik,YellowRiver,Papunesia,small,kakna,5,0
Nanai 2,nana1257,gld,Tungusic,Tungusic,Eurasia,big,dai,3,0
Nanai 2,nana1257,gld,Tungusic,Tungusic,Eurasia,small,nuCi,4,0
Nasioi,naas1242,nas,other,other,Papunesia,big,pankain,7,0
Nasioi,naas1242,nas,other,other,Papunesia,small,oki7na,6,0
Navajo,nava1243,nav,other,other,NorthAmerica,big,anilco,6,0
Navajo,nava1243,nav,other,other,NorthAmerica,small,yaZi,4,0
Ndut,ndut1239,ndv,Atlantic-Congo,NorthAtlantic,Africa,small,yina,4,0
Ndut,ndut1239,ndv,Atlantic-Congo,NorthAtlantic,Africa,big,7ot,3,0
Ne Maidu,nort2952,nmu,other,other,NorthAmerica,big,tete,4,0
Ne Maidu,nort2952,nmu,other,other,NorthAmerica,small,tibi,4,0
Nek Goambot,nekk1240,nif,Nuclear Trans New Guinea,Finisterre-Huon,Papunesia,big,wopum,5,0
Nek Goambot,nekk1240,nif,Nuclear Trans New Guinea,Finisterre-Huon,Papunesia,small,tipnom,6,0
Nepali,nepa1254,npi,Indo-European,Indo-Iranian,Eurasia,big,tulo,4,0
Nepali,nepa1254,npi,Indo-European,Indo-Iranian,Eurasia,small,sano,4,0
Nez Perce,nezp1238,nez,other,other,NorthAmerica,big,himiqis,7,0
Nez Perce,nezp1238,nez,other,other,NorthAmerica,small,kacL,4,0
Ngaing 2,ngai1241,nnf,Nuclear Trans New Guinea,Finisterre-Huon,Papunesia,big,biNgiN,6,0
Ngaing 2,ngai1241,nnf,Nuclear Trans New Guinea,Finisterre-Huon,Papunesia,small,simaN,5,0
Ngala,ngal1300,nud,Ndu,Ndu,Papunesia,big,puta,4,0
Ngala,ngal1300,nud,Ndu,Ndu,Papunesia,small,5an,3,0
Nganasan 2,ngan1291,nio,Uralic,Samoyedic,Eurasia,big,ani73,5,0
Nganasan 2,ngan1291,nio,Uralic,Samoyedic,Eurasia,small,3l3gaku,7,0
Ngizim,ngiz1242,ngi,Afro-Asiatic,Chadic,Africa,big,mar3m,5,0
Ngizim,ngiz1242,ngi,Afro-Asiatic,Chadic,Africa,small,gaNam,5,0
Nivkh,gily1242,niv,other,other,Eurasia,big,pilE,4,0
Nivkh,gily1242,niv,other,other,Eurasia,small,mETki,5,0
Nooksack,nook1247,nok,Salishan,CentralSalish,NorthAmerica,big,hikw,4,1
Nooksack,nook1247,nok,Salishan,CentralSalish,NorthAmerica,small,m37amin7,8,0
Noon 2,noon1242,snf,Atlantic-Congo,NorthAtlantic,Africa,big,yak,3,0
Noon 2,noon1242,snf,Atlantic-Congo,NorthAtlantic,Africa,small,yin,3,0
North Highland Mixe,toto1305,mto,Mixe-Zoque,Mixe,NorthAmerica,big,m3h,3,0
North Highland Mixe,toto1305,mto,Mixe-Zoque,Mixe,NorthAmerica,small,pik,3,0
North Karelian,kare1335,krl,Uralic,Finnic,Eurasia,big,suri,4,0
North Karelian,kare1335,krl,Uralic,Finnic,Eurasia,small,piEni,5,0
Northern Khanty,khan1273,kca,Uralic,Khantyic,Eurasia,big,un,2,0
Northern Khanty,khan1273,kca,Uralic,Khantyic,Eurasia,small,ay,2,0
Northern Kurdish,nort2641,kmr,Indo-European,Indo-Iranian,Eurasia,big,mEz3n,5,0
Northern Kurdish,nort2641,kmr,Indo-European,Indo-Iranian,Eurasia,small,CuC3k,5,0
Northern Mansi,mans1258,mns,Uralic,Mansic,Eurasia,big,yanix,5,0
Northern Mansi,mans1258,mns,Uralic,Mansic,Eurasia,small,ma5,3,0
Northern Pashto 2,nort2646,pbu,Indo-European,Indo-Iranian,Eurasia,big,loy,3,0
Northern Pashto 2,nort2646,pbu,Indo-European,Indo-Iranian,Eurasia,small,warukai,7,0
Northern Saami,nort2671,sme,Uralic,Saami,Eurasia,big,stuoris,7,0
Northern Saami,nort2671,sme,Uralic,Saami,Eurasia,small,unni,4,0
Northern Selkup,selk1253,sel,Uralic,Samoyedic,Eurasia,big,mErq3,5,0
Northern Selkup,selk1253,sel,Uralic,Samoyedic,Eurasia,small,k3pEm3ya,8,0
Northern Yukaghir,nort2745,ykg,Yukaghir,Yukaghir,Eurasia,small,lyukuony,8,2
Northern Yukaghir,nort2745,ykg,Yukaghir,Yukaghir,Eurasia,big,Cama,4,0
Norwegian Bokmaal 2,norw1258,nor,Indo-European,Germanic,Eurasia,big,stur,4,0
Norwegian Bokmaal 2,norw1258,nor,Indo-European,Germanic,Eurasia,small,lit3n,5,0
Nukak,nuka1242,mbr,Kakua-Nukak,Kakua-Nukak,SouthAmerica,big,ni7,3,0
Nukak,nuka1242,mbr,Kakua-Nukak,Kakua-Nukak,SouthAmerica,small,bai,3,0
Nukuoro,nuku1260,nkr,Austronesian,Central-EasternMalayo-Polynesian,Papunesia,big,lanui,5,0
Nukuoro,nuku1260,nkr,Austronesian,Central-EasternMalayo-Polynesian,Papunesia,small,damame,6,0
Nung,nung1283,nut,other,other,Eurasia,big,l3NheN,6,0
Nung,nung1283,nut,other,other,Eurasia,small,Lay,3,0
Nunggubuyu,nung1290,nuy,other,other,Australia,big,ruNgal,6,0
Nunggubuyu,nung1290,nuy,other,other,Australia,small,wirig,5,0
Nyakur,nyah1250,cbn,Austroasiatic,Monic,Eurasia,small,ndiC,4,1
Nyakur,nyah1250,cbn,Austroasiatic,Monic,Eurasia,big,3tol,4,0
Ocaina,ocai1244,oca,Huitotoan,Huitotoan,SouthAmerica,big,oxu,3,0
Ocaina,ocai1244,oca,Huitotoan,Huitotoan,SouthAmerica,small,siti7,5,0
Okanagan Colville,okan1243,oka,Salishan,InteriorSalish,NorthAmerica,big,silxwa7,7,1
Okanagan Colville,okan1243,oka,Salishan,InteriorSalish,NorthAmerica,small,ccamat,6,0
Ollari Gadba,pott1240,gdb,Dravidian,CentralDravidian,Eurasia,big,mure,4,0
Ollari Gadba,pott1240,gdb,Dravidian,CentralDravidian,Eurasia,small,kandek,6,0
Olonets Karelian,livv1243,olo,Uralic,Finnic,Eurasia,big,suri,4,0
Olonets Karelian,livv1243,olo,Uralic,Finnic,Eurasia,small,piEni,5,0
Oluta Popoluca,olut1240,plo,Mixe-Zoque,Mixe,NorthAmerica,big,tan3k,5,0
Oluta Popoluca,olut1240,plo,Mixe-Zoque,Mixe,NorthAmerica,small,CuCu,4,0
Omati 2,bari1298,jbk,other,other,Papunesia,big,makuvu,6,0
Omati 2,bari1298,jbk,other,other,Papunesia,small,kateane,7,0
Ono,onoo1246,ons,Nuclear Trans New Guinea,Finisterre-Huon,Papunesia,big,suaine,6,0
Ono,onoo1246,ons,Nuclear Trans New Guinea,Finisterre-Huon,Papunesia,small,nigatne,7,0
OrokaivaSairope2,orok1269,okv,Nuclear Trans New Guinea,GreaterBinanderean,Papunesia,big,peni,4,0
OrokaivaSairope2,orok1269,okv,Nuclear Trans New Guinea,GreaterBinanderean,Papunesia,small,isoko,5,0
Orokolo Kaipi,orok1267,oro,Eleman,Eleman,Papunesia,big,karulovu,8,0
Orokolo Kaipi,orok1267,oro,Eleman,Eleman,Papunesia,small,kaekaehehela,12,0
Orya,orya1242,ury,Tor-Orya,Tor-Orya,Papunesia,big,yawala,6,0
Orya,orya1242,ury,Tor-Orya,Tor-Orya,Papunesia,small,betekna,7,0
Ossetian,iron1242,oss,Indo-European,Indo-Iranian,Eurasia,big,d3nj3r,6,0
Ossetian,iron1242,oss,Indo-European,Indo-Iranian,Eurasia,small,g3cc3l,6,0
Owiniga,owin1240,owi,Left May, Left_May,Papunesia,big,pinauwEh,8,0
Owiniga,owin1240,owi,Left May, Left_May,Papunesia,small,pEr3na,6,0
Paez,paez1247,pbb,other,other,SouthAmerica,small,leCkwe,6,1
Paez,paez1247,pbb,other,other,SouthAmerica,big,wala,4,0
Pahi,pahi1246,lgt,Sepik,SepikTama,Papunesia,big,afa,3,0
Pahi,pahi1246,lgt,Sepik,SepikTama,Papunesia,small,Erpa,4,0
Paka 2,niks1238,gbe,Sepik,SepikHill,Papunesia,big,kom,3,0
Paka 2,niks1238,gbe,Sepik,SepikHill,Papunesia,small,tu7ei,5,0
Palewyami,,,Yokutsan,Yokutsan,NorthAmerica,big,noma,4,0
Palewyami,,,Yokutsan,Yokutsan,NorthAmerica,small,mututu,6,0
Palor 2,palo1243,fap,Atlantic-Congo,NorthAtlantic,Africa,big,7oth,4,1
Palor 2,palo1243,fap,Atlantic-Congo,NorthAtlantic,Africa,small,yin,3,0
Papantla Totonac,papa1238,top,Totonacan,Totonac,NorthAmerica,big,lanka,5,0
Papantla Totonac,papa1238,top,Totonacan,Totonac,NorthAmerica,small,akcu,4,0
Papi,papi1255,ppe,other,other,Papunesia,big,wiyami,6,0
Papi,papi1255,ppe,other,other,Papunesia,small,saumi,5,0
Parakana,para1312,pak,Tupian,Tupian,SouthAmerica,big,C3taoho,7,0
Parakana,para1312,pak,Tupian,Tupian,SouthAmerica,small,pipi,4,0
Pare Png,asut1235,asa,Atlantic-Congo,Benue-Congo,Africa,big,hiti,4,0
Pare Png,asut1235,asa,Atlantic-Congo,Benue-Congo,Africa,small,kobokiti,8,0
Parji 3,duru1236,pci,Dravidian,CentralDravidian,Eurasia,big,berto,5,0
Parji 3,duru1236,pci,Dravidian,CentralDravidian,Eurasia,small,Tin,3,0
Pass Valley Yali,pass1247,yac,Nuclear Trans New Guinea,Dani,Papunesia,big,suwon,5,0
Pass Valley Yali,pass1247,yac,Nuclear Trans New Guinea,Dani,Papunesia,small,doron,5,0
Paumari,paum1247,pad,other,other,SouthAmerica,big,karaho,6,0
Paumari,paum1247,pad,other,other,SouthAmerica,small,pa7iCi,6,0
Pawaia 2,pawa1255,pwa,other,other,Papunesia,big,hoi,3,0
Pawaia 2,pawa1255,pwa,other,other,Papunesia,small,homi,4,0
Pei,peii1238,ppq,Walioic,Walioic,Papunesia,big,fawi,4,0
Pei,peii1238,ppq,Walioic,Walioic,Papunesia,small,ogwo,4,0
Persian,west2369,pes,Indo-European,Indo-Iranian,Eurasia,big,bozorg,6,0
Persian,west2369,pes,Indo-European,Indo-Iranian,Eurasia,small,kuCik,5,0
Piame 2,piam1243,pin,Sepik,SepikHill,Papunesia,big,nyinoni,7,0
Piame 2,piam1243,pin,Sepik,SepikHill,Papunesia,small,ei,2,0
Pileni,pile1238,piv,Austronesian,Central-EasternMalayo-Polynesian,Papunesia,big,efa,3,0
Pileni,pile1238,piv,Austronesian,Central-EasternMalayo-Polynesian,Papunesia,small,likiliki,8,0
Pinai Hagahai Wakadadap,pina1252,pnn,other,other,Papunesia,big,m3d3rig3,8,0
Pinai Hagahai Wakadadap,pina1252,pnn,other,other,Papunesia,small,sabarig3,8,0
Piraha,pira1253,myp,other,other,SouthAmerica,big,ogi,3,0
Piraha,pira1253,myp,other,other,SouthAmerica,small,oihi,4,0
Pocomam Eastern,poqo1253,poc,Mayan,Quichean-Mamean,NorthAmerica,big,nim,3,0
Pocomam Eastern,poqo1253,poc,Mayan,Quichean-Mamean,NorthAmerica,small,piy7,4,0
Poko Rawo 2,rawo1244,rwa,Sko,Sko,Papunesia,big,rapla,5,0
Poko Rawo 2,rawo1244,rwa,Sko,Sko,Papunesia,small,balsepi,7,0
Polish 2,poli1260,pol,Indo-European,Balto-Slavic,Eurasia,big,duZ3,4,0
Polish 2,poli1260,pol,Indo-European,Balto-Slavic,Eurasia,small,maw3,4,0
Poqomchi Western,poqo1254,poh,Mayan,Quichean-Mamean,NorthAmerica,small,tuC,3,0
Poqomchi Western,poqo1254,poh,Mayan,Quichean-Mamean,NorthAmerica,big,nim,3,0
Portuguese 2,port1283,por,Indo-European,Italic,Eurasia,big,grad3,5,0
Portuguese 2,port1283,por,Indo-European,Italic,Eurasia,small,p3kenu,6,0
Pouye 2,pouy1238,bye,Sepik,Ram,Papunesia,big,3ypeiwo,7,0
Pouye 2,pouy1238,bye,Sepik,Ram,Papunesia,small,yank3ti,7,0
Puinave,puin1248,pui,other,other,SouthAmerica,big,ipek,4,0
Puinave,puin1248,pui,other,other,SouthAmerica,small,is3m,4,0
Pular Fuuta Jalon 2,pula1262,fuf,Atlantic-Congo,NorthAtlantic,Africa,big,nonCandi,8,0
Pular Fuuta Jalon 2,pula1262,fuf,Atlantic-Congo,NorthAtlantic,Africa,small,famar,5,0
Pyu,pyuu1245,pby,other,other,Papunesia,big,ole,3,0
Pyu,pyuu1245,pby,other,other,Papunesia,small,s3g3mi,6,0
Qaget,qaqe1238,byx,other,other,Papunesia,big,s3lur3ka,8,0
Qaget,qaqe1238,byx,other,other,Papunesia,small,gilka,5,0
Qanjobal Santa Eulalia,qanj1241,kjb,Mayan,WesternMayan,NorthAmerica,big,miman,5,0
Qanjobal Santa Eulalia,qanj1241,kjb,Mayan,WesternMayan,NorthAmerica,small,yaliS,5,0
Quechua Pastaza,sout2990,qup,other,other,SouthAmerica,big,atun,4,0
Quechua Pastaza,sout2990,qup,other,other,SouthAmerica,small,uCiLa,5,0
Quinault,quin1251,qun,Salishan,Tsamosan,NorthAmerica,big,luL,3,0
Quinault,quin1251,qun,Salishan,Tsamosan,NorthAmerica,small,xX3qw,5,1
Rama,rama1270,rma,Chibchan,Chibchan,NorthAmerica,small,psuttiskama,11,0
Rama,rama1270,rma,Chibchan,Chibchan,NorthAmerica,big,tatara,6,0
Rao 3,raoo1244,rao,Lower Sepik Ramu,Ramu,Papunesia,big,t3pund3,7,0
Rao 3,raoo1244,rao,Lower Sepik Ramu,Ramu,Papunesia,small,sakwoli,7,0
Rarotongan 2,raro1241,rar,Austronesian,Central-EasternMalayo-Polynesian,Papunesia,big,ma7ata,6,0
Rarotongan 2,raro1241,rar,Austronesian,Central-EasternMalayo-Polynesian,Papunesia,small,meaNiti,7,0
Rennellese,renn1242,mnv,Austronesian,Central-EasternMalayo-Polynesian,Papunesia,big,hua7eha,7,0
Rennellese,renn1242,mnv,Austronesian,Central-EasternMalayo-Polynesian,Papunesia,small,boboko,6,0
Resigaro,resi1247,rgr,Arawakan,Arawakan,SouthAmerica,big,jija,4,0
Resigaro,resi1247,rgr,Arawakan,Arawakan,SouthAmerica,small,ojaja7,6,0
Romanian 3,roma1327,ron,Indo-European,Italic,Eurasia,big,mare,4,0
Romanian 3,roma1327,ron,Indo-European,Italic,Eurasia,small,mik,3,0
Romkun,romk1240,rmk,Lower Sepik Ramu,Ramu,Papunesia,big,Emk3,4,0
Romkun,romk1240,rmk,Lower Sepik Ramu,Ramu,Papunesia,small,muiNk3ta,8,0
Rotuman 2,rotu1241,rtm,Austronesian,Central-EasternMalayo-Polynesian,Papunesia,big,ti7u,4,0
Rotuman 2,rotu1241,rtm,Austronesian,Central-EasternMalayo-Polynesian,Papunesia,small,mea7me7a,8,0
Roviana,rovi1238,rug,Austronesian,Central-EasternMalayo-Polynesian,Papunesia,big,noma,4,0
Roviana,rovi1238,rug,Austronesian,Central-EasternMalayo-Polynesian,Papunesia,small,noma,4,0
Ruc,chut1247,scb,Austroasiatic,Vietic,Eurasia,big,m3am,4,0
Ruc,chut1247,scb,Austroasiatic,Vietic,Eurasia,small,dEdE,4,0
Russian,russ1263,rus,Indo-European,Balto-Slavic,Eurasia,big,bolySoy,7,1
Russian,russ1263,rus,Indo-European,Balto-Slavic,Eurasia,small,malyEnykyiy,11,3
S Sierra Miwok,sout2985,skd,other,other,NorthAmerica,big,oyani,5,0
S Sierra Miwok,sout2985,skd,other,other,NorthAmerica,small,Cinipi,6,0
Saanich,stra1244,str,Salishan,CentralSalish,NorthAmerica,small,m3mim3n,7,0
Saanich,stra1244,str,Salishan,CentralSalish,NorthAmerica,big,C3q,3,0
Saberi,isir1237,srl,Greater Kwerba,Greater Kwerba,Papunesia,big,wisu,4,0
Saberi,isir1237,srl,Greater Kwerba,Greater Kwerba,Papunesia,small,k3nana,6,0
Sacapulteco Sacapulas Centro,saca1238,quv,Mayan,Quichean-Mamean,NorthAmerica,small,Caten,5,0
Sacapulteco Sacapulas Centro,saca1238,quv,Mayan,Quichean-Mamean,NorthAmerica,big,nim,3,0
Safen 2,saaf1238,sav,Atlantic-Congo,NorthAtlantic,Africa,big,hut,3,0
Safen 2,saaf1238,sav,Atlantic-Congo,NorthAtlantic,Africa,small,yin,3,0
Sakha 2,yaku1245,sah,Turkic,CommonTurkic,Eurasia,big,bedeN,5,0
Sakha 2,yaku1245,sah,Turkic,CommonTurkic,Eurasia,small,kur,3,0
Saliba Columbia,sali1298,slc,other,other,SouthAmerica,big,wodi,4,0
Saliba Columbia,sali1298,slc,other,other,SouthAmerica,small,isbahe,6,0
Salt Yui,salt1242,sll,Nuclear Trans New Guinea,Chimbu-Wahgi,Papunesia,big,bir,3,0
Salt Yui,salt1242,sll,Nuclear Trans New Guinea,Chimbu-Wahgi,Papunesia,small,migi,4,0
Samoan,samo1305,smo,Austronesian,Central-EasternMalayo-Polynesian,Papunesia,big,tele,4,0
Samoan,samo1305,smo,Austronesian,Central-EasternMalayo-Polynesian,Papunesia,small,la7ititi,8,0
San Martin Peras Mixtec,west2643,jmx,Otomanguean,EasternOtomanguean,NorthAmerica,big,ka7nu,5,0
San Martin Peras Mixtec,west2643,jmx,Otomanguean,EasternOtomanguean,NorthAmerica,small,lo7o,4,0
San Pedro Ixcatlan,ixca1246,mzi,Otomanguean,EasternOtomanguean,NorthAmerica,big,ce,2,0
San Pedro Ixcatlan,ixca1246,mzi,Otomanguean,EasternOtomanguean,NorthAmerica,small,CiCi,4,0
Sango 2,sang1328,sag,Atlantic-Congo,NorthVolta-Congo,Africa,big,yongolo,7,0
Sango 2,sang1328,sag,Atlantic-Congo,NorthVolta-Congo,Africa,small,kEtE,4,0
Sangu,sang1330,sbp,Atlantic-Congo,Benue-Congo,Africa,big,l3,2,0
Sangu,sang1330,sbp,Atlantic-Congo,Benue-Congo,Africa,small,debe,4,0
Sanio,sani1270,sny,Sepik,SepikHill,Papunesia,big,rasi,4,0
Sanio,sani1270,sny,Sepik,SepikHill,Papunesia,small,3swa7i,6,0
Sanuma,sanu1240,xsu,other,other,SouthAmerica,big,pata,4,0
Sanuma,sanu1240,xsu,other,other,SouthAmerica,small,wini,4,0
Savosavo,savo1255,svs,other,other,Papunesia,big,Nai,3,0
Savosavo,savo1255,svs,other,other,Papunesia,small,5ari,4,0
Sayula Popoluca,sayu1241,pos,Mixe-Zoque,Mixe,NorthAmerica,big,m3h,3,0
Sayula Popoluca,sayu1241,pos,Mixe-Zoque,Mixe,NorthAmerica,small,CiCik,5,0
Sechelt,sech1246,sec,Salishan,CentralSalish,NorthAmerica,big,ti,2,0
Sechelt,sech1246,sec,Salishan,CentralSalish,NorthAmerica,small,cuciy,5,0
Sedang,seda1262,sed,Austroasiatic,Bahnaric,Eurasia,big,kan,3,0
Sedang,seda1262,sed,Austroasiatic,Bahnaric,Eurasia,small,toSin,5,0
Sediq,taro1264,trv,Austronesian,Atayalic,Papunesia,big,paru7,5,0
Sediq,taro1264,trv,Austronesian,Atayalic,Papunesia,small,ti73,4,0
Selepet,sele1250,spl,Nuclear Trans New Guinea,Finisterre-Huon,Papunesia,big,pato,4,0
Selepet,sele1250,spl,Nuclear Trans New Guinea,Finisterre-Huon,Papunesia,small,tipiNe,6,0
Semai,sema1266,sea,Austroasiatic,Aslian,Eurasia,big,ntoy,4,1
Semai,sema1266,sea,Austroasiatic,Aslian,Eurasia,small,maCot,5,0
Sepen,sepe1240,spm,Lower Sepik Ramu,Ramu,Papunesia,big,barikevi,8,0
Sepen,sepe1240,spm,Lower Sepik Ramu,Ramu,Papunesia,small,sovi,4,0
Sepik Iwam,sepi1255,iws,Sepik,Iwam-Wogamus,Papunesia,big,komwi,5,0
Sepik Iwam,sepi1255,iws,Sepik,Iwam-Wogamus,Papunesia,small,sabasop,7,0
Serbocroatian,sout1528,hbs,Indo-European,Balto-Slavic,Eurasia,big,veliki,6,0
Serbocroatian,sout1528,hbs,Indo-European,Balto-Slavic,Eurasia,small,mali,4,0
Shiwa 2,kwas1243,nmg,Atlantic-Congo,Benue-Congo,Africa,big,n3nEni,6,0
Shiwa 2,kwas1243,nmg,Atlantic-Congo,Benue-Congo,Africa,small,twa7,4,0
Shuswap,shus1248,shs,Salishan,InteriorSalish,NorthAmerica,small,kwoyi7se,8,1
Shuswap,shus1248,shs,Salishan,InteriorSalish,NorthAmerica,big,xyum,4,0
Siane 2,sian1257,snp,Nuclear Trans New Guinea,Kainantu-Goroka,Papunesia,big,namba,5,0
Siane 2,sian1257,snp,Nuclear Trans New Guinea,Kainantu-Goroka,Papunesia,small,geho,4,0
Sika,sika1262,ski,Austronesian,Central-EasternMalayo-Polynesian,Papunesia,big,gete,4,0
Sika,sika1262,ski,Austronesian,Central-EasternMalayo-Polynesian,Papunesia,small,kesik,5,0
Silacayoapan Mixtec,sila1250,mks,Otomanguean,EasternOtomanguean,NorthAmerica,big,ka7ni,5,0
Silacayoapan Mixtec,sila1250,mks,Otomanguean,EasternOtomanguean,NorthAmerica,small,lo7o,4,0
Sinasina 3,sina1271,sst,Nuclear Trans New Guinea,Chimbu-Wahgi,Papunesia,big,ore,3,0
Sinasina 3,sina1271,sst,Nuclear Trans New Guinea,Chimbu-Wahgi,Papunesia,small,kebil,5,0
Sinaugoro,sina1266,snc,Austronesian,Central-EasternMalayo-Polynesian,Papunesia,big,barego,6,0
Sinaugoro,sina1266,snc,Austronesian,Central-EasternMalayo-Polynesian,Papunesia,small,kei,3,0
Sipakapense,sipa1247,qum,Mayan,Quichean-Mamean,NorthAmerica,small,nuC,3,0
Sipakapense,sipa1247,qum,Mayan,Quichean-Mamean,NorthAmerica,big,nim,3,0
Sisiqa,baba1268,baa,Austronesian,Central-EasternMalayo-Polynesian,Papunesia,big,p3u,3,0
Sisiqa,baba1268,baa,Austronesian,Central-EasternMalayo-Polynesian,Papunesia,small,soi,3,0
Skolt Saami 2,skol1241,sms,Uralic,Saami,Eurasia,small,utcy3,5,1
Skolt Saami 2,skol1241,sms,Uralic,Saami,Eurasia,big,Surra,5,0
Skou,nucl1634,skv,Sko,Sko,Papunesia,big,bapali,6,0
Skou,nucl1634,skv,Sko,Sko,Papunesia,small,hapa,4,0
Sliammon,como1259,coo,Salishan,CentralSalish,NorthAmerica,small,titul,5,0
Sliammon,como1259,coo,Salishan,CentralSalish,NorthAmerica,big,tih,3,0
Slovak 2,slov1269,slk,Indo-European,Balto-Slavic,Eurasia,big,vELki,5,0
Slovak 2,slov1269,slk,Indo-European,Balto-Slavic,Eurasia,small,maLi,4,0
Slovenian 2,slov1268,slv,Indo-European,Balto-Slavic,Eurasia,big,welik,5,0
Slovenian 2,slov1268,slv,Indo-European,Balto-Slavic,Eurasia,small,mayxEn,6,0
Soboyo,tali1262,tlv,Austronesian,Central-EasternMalayo-Polynesian,Papunesia,big,haya,4,0
Soboyo,tali1262,tlv,Austronesian,Central-EasternMalayo-Polynesian,Papunesia,small,mei,3,0
Som,somm1240,smc,Nuclear Trans New Guinea,Finisterre-Huon,Papunesia,big,m3reyi,6,0
Som,somm1240,smc,Nuclear Trans New Guinea,Finisterre-Huon,Papunesia,small,misiyi,6,0
Somali,soma1255,som,Afro-Asiatic,Cushitic,Africa,big,wen,3,0
Somali,soma1255,som,Afro-Asiatic,Cushitic,Africa,small,yar,3,0
Soninke 4,soni1259,snk,Mande,WesternMande,Africa,big,adarE,5,0
Soninke 4,soni1259,snk,Mande,WesternMande,Africa,small,fomise,6,0
Soteapan Zoque,high1276,poi,Mixe-Zoque,Zoque,NorthAmerica,small,Sutyu,5,1
Soteapan Zoque,high1276,poi,Mixe-Zoque,Zoque,NorthAmerica,big,m3h,3,0
Southern Cakchiquel San Andres Itzapa,kaqc1270,cak,Mayan,Quichean-Mamean,NorthAmerica,big,tix,3,0
Southern Cakchiquel San Andres Itzapa,kaqc1270,cak,Mayan,Quichean-Mamean,NorthAmerica,small,ko7ol,5,0
Southern Saami,sout2674,sma,Uralic,Saami,Eurasia,big,stuorE,6,0
Southern Saami,sout2674,sma,Uralic,Saami,Eurasia,small,unnE,4,0
Southern Yukaghir,sout2750,yux,Yukaghir,Yukaghir,Eurasia,big,Como,4,0
Southern Yukaghir,sout2750,yux,Yukaghir,Yukaghir,Eurasia,small,yuko,4,0
Spanish,stan1288,spa,Indo-European,Italic,Eurasia,big,grande,6,0
Spanish,stan1288,spa,Indo-European,Italic,Eurasia,small,peke5o,6,0
Spokane,spok1245,spo,Salishan,InteriorSalish,NorthAmerica,big,kwtun,5,1
Spokane,spok1245,spo,Salishan,InteriorSalish,NorthAmerica,small,kwuyum,6,1
Standard Albanian,alba1267,sqi,Indo-European,Albanian,Eurasia,big,ma8,3,0
Standard Albanian,alba1267,sqi,Indo-European,Albanian,Eurasia,small,vog3l,5,0
Standard Arabic 2,stan1318,arb,Afro-Asiatic,Semitic,Eurasia,small,soxir,5,0
Standard Arabic 2,stan1318,arb,Afro-Asiatic,Semitic,Eurasia,big,kabir,5,0
Standard German 2,stan1295,deu,Indo-European,Germanic,Eurasia,big,gXos,4,0
Standard German 2,stan1295,deu,Indo-European,Germanic,Eurasia,small,klain,5,0
Sudest,sude1239,tgo,Austronesian,Central-EasternMalayo-Polynesian,Papunesia,big,laxNye,6,0
Sudest,sude1239,tgo,Austronesian,Central-EasternMalayo-Polynesian,Papunesia,small,nasiye,6,0
Sundanese,sund1252,sun,Austronesian,Malayo-Sumbawan,Papunesia,big,badag,5,0
Sundanese,sund1252,sun,Austronesian,Malayo-Sumbawan,Papunesia,small,leutik,6,0
Swahili,swah1253,swh,Atlantic-Congo,Benue-Congo,Africa,big,ku,2,0
Swahili,swah1253,swh,Atlantic-Congo,Benue-Congo,Africa,small,dogo,4,0
Swedish 2,swed1254,swe,Indo-European,Germanic,Eurasia,big,stur,4,0
Swedish 2,swed1254,swe,Indo-European,Germanic,Eurasia,small,lit3n,5,0
Tabriak 3,tabr1243,tzx,Lower Sepik Ramu,LowerSepik,Papunesia,big,kuphan,6,1
Tabriak 3,tabr1243,tzx,Lower Sepik Ramu,LowerSepik,Papunesia,small,wasakh3n,8,1
Tacana,taca1256,tna,Pano-Tacanan,Pano-Tacanan,SouthAmerica,big,aida,4,0
Tacana,taca1256,tna,Pano-Tacanan,Pano-Tacanan,SouthAmerica,small,waiCidi,7,0
Tagalog,taga1270,tgl,Austronesian,GreaterCentralPhilippine,Papunesia,big,malaki,6,0
Tagalog,taga1270,tgl,Austronesian,GreaterCentralPhilippine,Papunesia,small,malit,5,0
Tahitian 2,tahi1242,tah,Austronesian,Central-EasternMalayo-Polynesian,Papunesia,big,rahi,4,0
Tahitian 2,tahi1242,tah,Austronesian,Central-EasternMalayo-Polynesian,Papunesia,small,na7ina7i,8,0
Taikat 2,taik1255,aos,other,other,Papunesia,big,munaba,6,0
Taikat 2,taik1255,aos,other,other,Papunesia,small,aNkese,6,0
Taiof,sapo1253,sps,Austronesian,Central-EasternMalayo-Polynesian,Papunesia,big,buiN,4,0
Taiof,sapo1253,sps,Austronesian,Central-EasternMalayo-Polynesian,Papunesia,small,ac,2,0
Tairora South,sout2943,omw,Nuclear Trans New Guinea,Kainantu-Goroka,Papunesia,big,3no3n3,6,0
Tairora South,sout2943,omw,Nuclear Trans New Guinea,Kainantu-Goroka,Papunesia,small,p3t3,4,0
Takia,taki1248,tbc,Austronesian,Central-EasternMalayo-Polynesian,Papunesia,big,tbun,4,0
Takia,taki1248,tbc,Austronesian,Central-EasternMalayo-Polynesian,Papunesia,small,can,3,0
Takuu Mortlock,taku1257,nho,Austronesian,Central-EasternMalayo-Polynesian,Papunesia,big,lasi,4,0
Takuu Mortlock,taku1257,nho,Austronesian,Central-EasternMalayo-Polynesian,Papunesia,small,puname,6,0
Tamil,tami1289,tam,Dravidian,SouthDravidian,Eurasia,big,periya,6,0
Tamil,tami1289,tam,Dravidian,SouthDravidian,Eurasia,small,Ciriya,6,0
Tanda Png,,ta0,Nuclear Trans New Guinea,Finisterre-Huon,Papunesia,big,dEwalaN,7,0
Tanda Png,,ta0,Nuclear Trans New Guinea,Finisterre-Huon,Papunesia,small,yamyaman,8,0
Tangu,tang1355,tgu,Lower Sepik Ramu,Ramu,Papunesia,big,arum,4,0
Tangu,tang1355,tgu,Lower Sepik Ramu,Ramu,Papunesia,small,tumun,5,0
Tanguat,tang1356,tbs,Lower Sepik Ramu,Ramu,Papunesia,big,ambagak,7,0
Tanguat,tang1356,tbs,Lower Sepik Ramu,Ramu,Papunesia,small,pEpEt,5,0
Taraon,diga1241,mhu,Sino-Tibetan,Mishmic,Eurasia,small,aa,2,0
Taraon,diga1241,mhu,Sino-Tibetan,Mishmic,Eurasia,big,daraN,5,0
Tarascan,pure1242,tsz,other,other,NorthAmerica,big,keri,4,0
Tarascan,pure1242,tsz,other,other,NorthAmerica,small,sapiCu,6,0
Tatar 2,tata1255,tat,Turkic,CommonTurkic,Eurasia,big,zur,3,0
Tatar 2,tata1255,tat,Turkic,CommonTurkic,Eurasia,small,keCkenE,7,0
Tauade 2,taua1242,ttd,Goilalan, Goilalan,Papunesia,big,karu,4,0
Tauade 2,taua1242,ttd,Goilalan, Goilalan,Papunesia,small,baupiti,7,0
Taulil 2,taul1251,tuh,other,other,Papunesia,small,f3natn37,8,0
Taulil 2,taul1251,tuh,other,other,Papunesia,big,s3ks3k3l3,9,0
Tebera,dadi1250,mps,Teberan,Teberan,Papunesia,big,we,2,0
Tebera,dadi1250,mps,Teberan,Teberan,Papunesia,small,famini,6,0
Teco Tectitan,tekt1235,ttc,Mayan,Quichean-Mamean,NorthAmerica,big,nim,3,0
Teco Tectitan,tekt1235,ttc,Mayan,Quichean-Mamean,NorthAmerica,small,nekit,5,0
Telugu,telu1262,tel,Dravidian,SouthDravidian,Eurasia,big,pedda,5,0
Telugu,telu1262,tel,Dravidian,SouthDravidian,Eurasia,small,Cinna,5,0
Temne 5,timn1235,tem,Atlantic-Congo,NorthernMel,Africa,big,bana,4,0
Temne 5,timn1235,tem,Atlantic-Congo,NorthernMel,Africa,small,lol,3,0
Tepehua Tlachichilco,tlac1235,tpt,Totonacan,Tepehua,NorthAmerica,small,lakatuniy,9,0
Tepehua Tlachichilco,tlac1235,tpt,Totonacan,Tepehua,NorthAmerica,big,ay,2,0
Tese,tese1238,keg,other,other,Africa,big,ubu,3,0
Tese,tese1238,keg,other,other,Africa,small,imudu,5,0
Tetelcingo Nahuatl,tete1251,nhg,Uto-Aztecan,SouthernUto-Aztecan,NorthAmerica,big,bieyi,5,0
Tetelcingo Nahuatl,tete1251,nhg,Uto-Aztecan,SouthernUto-Aztecan,NorthAmerica,small,cicikici,8,0
Texistepec Zoque,texi1237,poq,Mixe-Zoque,Zoque,NorthAmerica,small,h3s3ba,6,0
Texistepec Zoque,texi1237,poq,Mixe-Zoque,Zoque,NorthAmerica,big,w3Ce7,5,0
Thompson,thom1243,thp,Salishan,InteriorSalish,NorthAmerica,big,kixw,4,1
Thompson,thom1243,thp,Salishan,InteriorSalish,NorthAmerica,small,kwem,4,1
Tigre,tigr1270,tig,Afro-Asiatic,Semitic,Africa,small,n7uS,4,1
Tigre,tigr1270,tig,Afro-Asiatic,Semitic,Africa,big,Xabi,4,0
Timbe,timb1251,tim,Nuclear Trans New Guinea,Finisterre-Huon,Papunesia,big,humo,4,0
Timbe,timb1251,tim,Nuclear Trans New Guinea,Finisterre-Huon,Papunesia,small,boleNe,6,0
Timucua,timu1245,tjm,other,other,NorthAmerica,big,mini,4,0
Timucua,timu1245,tjm,other,other,NorthAmerica,small,Ciri,4,0
Tiwi,tiwi1244,tiw,other,other,Australia,big,aLikulani,9,0
Tiwi,tiwi1244,tiw,other,other,Australia,small,kiLitini,8,0
Tlapanec Malinaltepec,mali1285,tcf,Otomanguean,WesternOtomanguean,NorthAmerica,big,apha,4,1
Tlapanec Malinaltepec,mali1285,tcf,Otomanguean,WesternOtomanguean,NorthAmerica,small,Cahu,4,0
Toaripi,toar1246,tqo,Eleman,Eleman,Papunesia,big,robaea,6,0
Toaripi,toar1246,tqo,Eleman,Eleman,Papunesia,small,seika,5,0
Tobo,tobo1251,tbv,Nuclear Trans New Guinea,Finisterre-Huon,Papunesia,big,baia,4,0
Tobo,tobo1251,tbv,Nuclear Trans New Guinea,Finisterre-Huon,Papunesia,small,komora,6,0
Toda 2,toda1252,tcx,Dravidian,SouthDravidian,Eurasia,big,ittud3,6,0
Toda 2,toda1252,tcx,Dravidian,SouthDravidian,Eurasia,small,kerud3,6,0
Tojolabal,tojo1241,toj,Mayan,WesternMayan,NorthAmerica,small,Cin,3,0
Tojolabal,tojo1241,toj,Mayan,WesternMayan,NorthAmerica,big,naxat,5,0
Tokano,toka1244,zuh,Nuclear Trans New Guinea,Kainantu-Goroka,Papunesia,big,napa,4,0
Tokano,toka1244,zuh,Nuclear Trans New Guinea,Kainantu-Goroka,Papunesia,small,xkoma,5,0
Tongan 2,tong1325,ton,Austronesian,Central-EasternMalayo-Polynesian,Papunesia,big,lahi,4,0
Tongan 2,tong1325,ton,Austronesian,Central-EasternMalayo-Polynesian,Papunesia,small,si7isi7i,8,0
Totonac Coatepec,,,Totonacan,Totonac,NorthAmerica,big,Lanka7,6,0
Totonac Coatepec,,,Totonacan,Totonac,NorthAmerica,small,cu,2,0
Totonac Coyutla,high1243,tos,Totonacan,Totonac,NorthAmerica,big,lanka,5,0
Totonac Coyutla,high1243,tos,Totonacan,Totonac,NorthAmerica,small,akcu,4,0
Totonac Filomena Mata,filo1235,tlp,Totonacan,Totonac,NorthAmerica,big,lanka,5,0
Totonac Filomena Mata,filo1235,tlp,Totonacan,Totonac,NorthAmerica,small,tinax,5,0
Totonac Upper Nexaca,uppe1275,tku,Totonacan,Totonac,NorthAmerica,big,aLa,3,0
Totonac Upper Nexaca,uppe1275,tku,Totonacan,Totonac,NorthAmerica,small,sata,4,0
Totoro,toto1306,ttk,Barbacoan,Coconucan,SouthAmerica,big,nu7ik,5,0
Totoro,toto1306,ttk,Barbacoan,Coconucan,SouthAmerica,small,TaS7tik,7,0
Triqui Copala,copa1237,trc,Otomanguean,EasternOtomanguean,NorthAmerica,big,Sih,3,0
Triqui Copala,copa1237,trc,Otomanguean,EasternOtomanguean,NorthAmerica,small,ni,2,0
Trumai,trum1247,tpy,other,other,SouthAmerica,big,iye,3,0
Trumai,trum1247,tpy,other,other,SouthAmerica,small,pat,3,0
Tsez 2,dido1241,ddo,Nakh-Daghestanian,Daghestanian,Eurasia,big,beZe,4,0
Tsez 2,dido1241,ddo,Nakh-Daghestanian,Daghestanian,Eurasia,small,beXe,4,0
Tulamni,,,Yokutsan,Yokutsan,NorthAmerica,big,wi7,3,0
Tulamni,,,Yokutsan,Yokutsan,NorthAmerica,small,me7coc,6,0
Tulu India 2,tulu1258,tcy,Dravidian,SouthDravidian,Eurasia,big,malla,5,0
Tulu India 2,tulu1258,tcy,Dravidian,SouthDravidian,Eurasia,small,ki5a,4,0
Tundra Nenets,nene1249,yrk,Uralic,Samoyedic,Eurasia,small,5udyo,5,1
Tundra Nenets,nene1249,yrk,Uralic,Samoyedic,Eurasia,big,Norko,5,0
Tungak,tung1290,lcm,Austronesian,Central-EasternMalayo-Polynesian,Papunesia,big,taviri,6,0
Tungak,tung1290,lcm,Austronesian,Central-EasternMalayo-Polynesian,Papunesia,small,lik,3,0
Turkana,turk1308,tuv,other,other,Africa,big,epol,4,0
Turkana,turk1308,tuv,other,other,Africa,small,loCi,4,0
Turkish,nucl1301,tur,Turkic,CommonTurkic,Eurasia,big,biyik,5,0
Turkish,nucl1301,tur,Turkic,CommonTurkic,Eurasia,small,kiCik,5,0
Twana,twan1247,twa,Salishan,CentralSalish,NorthAmerica,big,sisid,5,0
Twana,twan1247,twa,Salishan,CentralSalish,NorthAmerica,small,maL,3,0
Tzeltal Bachajon,tzel1254,tzh,Mayan,WesternMayan,NorthAmerica,big,muk,3,0
Tzeltal Bachajon,tzel1254,tzh,Mayan,WesternMayan,NorthAmerica,small,bikit,5,0
Tzutujil San Juan La Laguna,tzut1248,tzj,Mayan,Quichean-Mamean,NorthAmerica,big,nim,3,0
Tzutujil San Juan La Laguna,tzut1248,tzj,Mayan,Quichean-Mamean,NorthAmerica,small,tinoy,5,0
Uare,uare1241,ksj,Kwalean,Kwalean,Papunesia,big,boro,4,0
Uare,uare1241,ksj,Kwalean,Kwalean,Papunesia,small,komE73,6,0
Udmurt 2,udmu1245,udm,Uralic,Permian,Eurasia,small,piCyi,5,1
Udmurt 2,udmu1245,udm,Uralic,Permian,Eurasia,big,bodj3m,6,0
Ukrainian 2,ukra1253,ukr,Indo-European,Balto-Slavic,Eurasia,big,wElikiy,7,0
Ukrainian 2,ukra1253,ukr,Indo-European,Balto-Slavic,Eurasia,small,moliy,5,0
Umbu Ungu 2,umbu1258,ubu,Nuclear Trans New Guinea,Chimbu-Wahgi,Papunesia,big,awili,5,0
Umbu Ungu 2,umbu1258,ubu,Nuclear Trans New Guinea,Chimbu-Wahgi,Papunesia,small,kaNga,5,0
Una 2,unaa1239,mtg,Nuclear Trans New Guinea,Mek,Papunesia,big,weyk,4,0
Una 2,unaa1239,mtg,Nuclear Trans New Guinea,Mek,Papunesia,small,mitik,5,0
Ura Png2,urav1235,uur,Austronesian,Central-EasternMalayo-Polynesian,Papunesia,big,moro,4,0
Ura Png2,urav1235,uur,Austronesian,Central-EasternMalayo-Polynesian,Papunesia,small,gaini,5,0
Urubu Kaapor,urub1250,urb,Tupian,Tupian,SouthAmerica,big,keruhu,6,0
Urubu Kaapor,urub1250,urb,Tupian,Tupian,SouthAmerica,small,ta73r,5,0
Uspanteko,uspa1245,usp,Mayan,Quichean-Mamean,NorthAmerica,small,qun,3,0
Uspanteko,uspa1245,usp,Mayan,Quichean-Mamean,NorthAmerica,big,nim,3,0
Vai 3,vaii1241,vai,Mande,WesternMande,Africa,big,kuro,4,0
Vai 3,vaii1241,vai,Mande,WesternMande,Africa,small,loya7e,6,0
Veps 2,veps1250,vep,Uralic,Finnic,Eurasia,big,sury,4,1
Veps 2,veps1250,vep,Uralic,Finnic,Eurasia,small,pEny,4,1
Vietnamese,viet1252,vie,Austroasiatic,Vietic,Eurasia,big,lon,3,0
Vietnamese,viet1252,vie,Austroasiatic,Vietic,Eurasia,small,5o,2,0
Vitu,mudu1242,wiv,Austronesian,Central-EasternMalayo-Polynesian,Papunesia,big,kapou,5,0
Vitu,mudu1242,wiv,Austronesian,Central-EasternMalayo-Polynesian,Papunesia,small,kote,4,0
Viya 2,eviy1235,gev,Atlantic-Congo,Benue-Congo,Africa,big,oda,3,0
Viya 2,eviy1235,gev,Atlantic-Congo,Benue-Congo,Africa,small,ana,3,0
W Oromo,west2721,gaz,Afro-Asiatic,Cushitic,Africa,small,hira,4,0
W Oromo,west2721,gaz,Afro-Asiatic,Cushitic,Africa,big,guda,4,0
Wa,nucl1290,wbm,Austroasiatic,Khasi-Palaung,Eurasia,big,tiN,3,0
Wa,nucl1290,wbm,Austroasiatic,Khasi-Palaung,Eurasia,small,iak,3,0
Walio,nucl1453,wla,Walioic,Walioic,Papunesia,big,puali,5,0
Walio,nucl1453,wla,Walioic,Walioic,Papunesia,small,pukElEbE,8,0
Wallisian East Uvean,wall1257,wls,Austronesian,Central-EasternMalayo-Polynesian,Papunesia,big,lahi,4,0
Wallisian East Uvean,wall1257,wls,Austronesian,Central-EasternMalayo-Polynesian,Papunesia,small,veliveli,8,0
Wano 2,wano1243,wno,Nuclear Trans New Guinea,Dani,Papunesia,big,yedok,5,0
Wano 2,wano1243,wno,Nuclear Trans New Guinea,Dani,Papunesia,small,be7,3,0
Warao,wara1303,wba,other,other,SouthAmerica,big,irija,5,0
Warao,wara1303,wba,other,other,SouthAmerica,small,sanuka,6,0
Wasembo,wase1252,gsp,Nuclear Trans New Guinea,Madang,Papunesia,big,pite,4,0
Wasembo,wase1252,gsp,Nuclear Trans New Guinea,Madang,Papunesia,small,bEne,4,0
Washo,wash1253,was,other,other,NorthAmerica,big,iyel,4,0
Washo,wash1253,was,other,other,NorthAmerica,small,beheziN,7,0
Watam 2,wata1253,wax,Lower Sepik Ramu,Ramu,Papunesia,big,nakai,5,0
Watam 2,wata1253,wax,Lower Sepik Ramu,Ramu,Papunesia,small,imbrot,6,0
Welsh 2,wels1247,cym,Indo-European,Celtic,Eurasia,big,maur,4,0
Welsh 2,wels1247,cym,Indo-European,Celtic,Eurasia,small,baX,3,0
Weri,weri1253,wer,Goilalan, Goilalan,Papunesia,big,kisaN,5,0
Weri,weri1253,wer,Goilalan, Goilalan,Papunesia,small,kot,3,0
Wichita,wich1260,wic,Caddoan,Caddoan,NorthAmerica,small,k7is,4,1
Wichita,wich1260,wic,Caddoan,Caddoan,NorthAmerica,big,toc,3,0
Wik Mungkan,wikm1247,wim,other,other,Australia,big,pi7an,5,0
Wik Mungkan,wikm1247,wim,other,other,Australia,small,ma5,3,0
Wikchamni,,,Yokutsan,Yokutsan,NorthAmerica,big,meth,4,1
Wikchamni,,,Yokutsan,Yokutsan,NorthAmerica,small,puCuC,5,0
Wiyot,wiyo1248,wiy,Algic,Algic,NorthAmerica,big,notad,5,0
Wiyot,wiyo1248,wiy,Algic,Algic,NorthAmerica,small,bakL,4,0
Wolof 2,nucl1347,wol,Atlantic-Congo,NorthAtlantic,Africa,small,newna,5,0
Wolof 2,nucl1347,wol,Atlantic-Congo,NorthAtlantic,Africa,big,kawe,4,0
Woswari,yawi1238,ybx,Walioic,Walioic,Papunesia,small,isiisi,6,0
Woswari,yawi1238,ybx,Walioic,Walioic,Papunesia,big,f3ri,4,0
Wounaan,woun1238,noa,Chocoan, Chocoan,SouthAmerica,big,khapan,6,1
Wounaan,woun1238,noa,Chocoan, Chocoan,SouthAmerica,small,buru,4,0
Xavante,xava1240,xav,Nuclear-Macro-Je,Nuclear-Macro-Je,SouthAmerica,big,daca7ene,8,0
Xavante,xava1240,xav,Nuclear-Macro-Je,Nuclear-Macro-Je,SouthAmerica,small,dacapo,6,0
Xicotepec Totonac,xico1235,too,Totonacan,Totonac,NorthAmerica,big,qaLa,4,0
Xicotepec Totonac,xico1235,too,Totonacan,Totonac,NorthAmerica,small,makcinax,8,0
Xochistlahuaca Amuzgo,guer1243,amu,Otomanguean,EasternOtomanguean,NorthAmerica,big,7ma,3,0
Xochistlahuaca Amuzgo,guer1243,amu,Otomanguean,EasternOtomanguean,NorthAmerica,small,Cho,3,0
Yabem,yabe1254,jae,Austronesian,Central-EasternMalayo-Polynesian,Papunesia,big,kapoeN,6,0
Yabem,yabe1254,jae,Austronesian,Central-EasternMalayo-Polynesian,Papunesia,small,sauN,4,0
Yagaria,yaga1260,ygr,Nuclear Trans New Guinea,Kainantu-Goroka,Papunesia,big,geva,4,0
Yagaria,yaga1260,ygr,Nuclear Trans New Guinea,Kainantu-Goroka,Papunesia,small,eise7na,7,0
Yamdena,yamd1240,jmd,Austronesian,Central-EasternMalayo-Polynesian,Papunesia,big,silai,5,0
Yamdena,yamd1240,jmd,Austronesian,Central-EasternMalayo-Polynesian,Papunesia,small,rumat,5,0
Yao 4,iumi1238,ium,Hmong-Mien,Hmong-Mien,Eurasia,big,ikulungua,9,0
Yao 4,iumi1238,ium,Hmong-Mien,Hmong-Mien,Eurasia,small,unondi,6,0
Yapese,yape1248,yap,Austronesian,Central-EasternMalayo-Polynesian,Papunesia,big,ga7,3,0
Yapese,yape1248,yap,Austronesian,Central-EasternMalayo-Polynesian,Papunesia,small,aCiCig,6,0
Yaqay Kogo,yaqa1246,jaq,Anim,Marind-Boazi-Yaqai,Papunesia,big,poyorop,7,0
Yaqay Kogo,yaqa1246,jaq,Anim,Marind-Boazi-Yaqai,Papunesia,small,roboxoi,7,0
Yareba,yare1248,yrb,other,other,Papunesia,big,derawere,8,0
Yareba,yare1248,yrb,other,other,Papunesia,small,kikiratu,8,0
Yavapai,hava1248,yuf,Cochimi-Yuman,Cochimi-Yuman,NorthAmerica,big,bte,3,0
Yavapai,hava1248,yuf,Cochimi-Yuman,Cochimi-Yuman,NorthAmerica,small,keC,3,0
Yawdanchi,,,Yokutsan,Yokutsan,NorthAmerica,big,met,3,0
Yawdanchi,,,Yokutsan,Yokutsan,NorthAmerica,small,punun,5,0
Yekora,yeko1240,ykr,Nuclear Trans New Guinea,GreaterBinanderean,Papunesia,big,zaidimba,8,0
Yekora,yeko1240,ykr,Nuclear Trans New Guinea,GreaterBinanderean,Papunesia,small,ka,2,0
Yelogu,yelo1243,ylg,Ndu,Ndu,Papunesia,big,C3mi,4,0
Yelogu,yelo1243,ylg,Ndu,Ndu,Papunesia,small,pway,4,0
Yerakai 2,yera1243,yra,other,other,Papunesia,big,lagita,6,0
Yerakai 2,yera1243,yra,other,other,Papunesia,small,tEgErElEl,9,0
Yeruva,ravu1237,yea,Dravidian,SouthDravidian,Eurasia,big,baleyi,6,0
Yeruva,ravu1237,yea,Dravidian,SouthDravidian,Eurasia,small,Ceriya,6,0
Yessan Mayo,yess1239,yss,Sepik,SepikTama,Papunesia,big,periy,5,0
Yessan Mayo,yess1239,yss,Sepik,SepikTama,Papunesia,small,eysu,4,0
Yonggom 2,yong1280,yon,Nuclear Trans New Guinea,Asmat-Awyu-Ok,Papunesia,big,darEp,5,0
Yonggom 2,yong1280,yon,Nuclear Trans New Guinea,Asmat-Awyu-Ok,Papunesia,small,EmbEN,5,0
Yoruba 11,yoru1245,yor,Atlantic-Congo,Benue-Congo,Africa,big,gboli,5,0
Yoruba 11,yoru1245,yor,Atlantic-Congo,Benue-Congo,Africa,small,kere,4,0
Yosondua Mixtec,yoso1239,mpm,Otomanguean,EasternOtomanguean,NorthAmerica,big,kanu,4,0
Yosondua Mixtec,yoso1239,mpm,Otomanguean,EasternOtomanguean,NorthAmerica,small,lulu,4,0
Zande 3,zand1248,zne,Atlantic-Congo,NorthVolta-Congo,Africa,big,gazara,6,0
Zande 3,zand1248,zne,Atlantic-Congo,NorthVolta-Congo,Africa,small,wiri,4,0
Zarma 3,zarm1239,dje,other,other,Africa,big,beri,4,0
Zarma 3,zarm1239,dje,other,other,Africa,small,keyna,5,0
Zimakani South Boazi,zima1244,zik,Anim,Marind-Boazi-Yaqai,Papunesia,big,kondomba,8,0
Zimakani South Boazi,zima1244,zik,Anim,Marind-Boazi-Yaqai,Papunesia,small,kapelava,8,0
Zinacantan Tzotzil,tzot1259,tzo,Mayan,WesternMayan,NorthAmerica,big,muk,3,0
Zinacantan Tzotzil,tzot1259,tzo,Mayan,WesternMayan,NorthAmerica,small,bikit,5,0
Zoque Francisco Leon,fran1266,zos,Mixe-Zoque,Zoque,NorthAmerica,big,m3ha,4,0
Zoque Francisco Leon,fran1266,zos,Mixe-Zoque,Zoque,NorthAmerica,small,Ce7,3,0
Zoque Rayon,rayo1235,zor,Mixe-Zoque,Zoque,NorthAmerica,big,m3ha,4,0
Zoque Rayon,rayo1235,zor,Mixe-Zoque,Zoque,NorthAmerica,small,namab3,6,0
Zulu,zulu1248,zul,Atlantic-Congo,Benue-Congo,Africa,big,khulu,5,1
Zulu,zulu1248,zul,Atlantic-Congo,Benue-Congo,Africa,small,!olo,4,0
